Sample,True Label,Pred Label,Correct,Prob_0,Prob_100,Prob_1500,Prob_2000
0,0,0,1,0.999,6.676e-05,0.000825,1.585e-05
1,0,0,1,1.0,1.13e-06,3.713e-05,2e-07
2,0,0,1,0.993,6.41e-05,0.006542,2.944e-05
3,0,0,1,1.0,2.74e-06,5.62e-05,5e-07
4,0,0,1,0.9995,1.776e-05,0.000555,4.2e-06
5,0,0,1,0.972,0.000439,0.0271,0.0001608
6,0,0,1,0.9995,2.06e-05,0.0006,5.8e-06
7,0,0,1,0.986,0.00106,0.01272,0.000383
8,0,0,1,0.9995,3.63e-05,0.000635,1.013e-05
9,0,0,1,1.0,2.4e-07,4e-06,0.0
10,0,0,1,0.9976,5.263e-05,0.00246,1.96e-05
11,0,0,1,0.958,0.0006647,0.04105,0.0003655
12,0,0,1,0.9985,5.156e-05,0.001576,1.776e-05
13,0,0,1,0.997,9.31e-05,0.00261,4.01e-05
14,0,0,1,0.9883,0.0004454,0.010895,0.0001926
15,0,0,1,0.922,0.000716,0.07697,0.0003247
16,0,0,1,0.996,5.74e-05,0.00401,1.48e-05
17,0,0,1,1.0,2.44e-06,6.264e-05,3.6e-07
18,0,0,1,0.9995,2.07e-05,0.000254,5.7e-06
19,0,0,1,0.998,0.00011146,0.002047,3.475e-05
20,0,0,1,1.0,3.9e-06,4.16e-05,5e-07
21,0,0,1,0.9727,0.0002913,0.02687,9.423e-05
22,0,0,1,0.9995,3.62e-05,0.000478,8.34e-06
23,0,0,1,1.0,8.4e-06,0.00011796,1.7e-06
24,0,0,1,0.999,4.154e-05,0.0008903,1.29e-05
25,0,0,1,0.9355,0.0002754,0.0638,0.0001448
26,0,0,1,0.9697,0.0002956,0.02963,0.0001433
27,0,0,1,0.9995,1.13e-05,0.0002401,2.56e-06
28,0,0,1,0.8457,0.001504,0.1522,0.0007925
29,0,1500,0,0.151,0.001742,0.8467,0.0007977
30,0,0,1,0.9995,2.4e-06,0.0002453,6e-07
31,0,0,1,0.998,4.13e-05,0.002094,1.574e-05
32,0,0,1,1.0,1e-06,1.56e-05,1e-07
33,0,0,1,0.9946,0.0001237,0.00543,3.874e-05
34,0,0,1,0.9634,0.0004983,0.03616,0.0001644
35,0,0,1,0.997,9.054e-05,0.00274,3.15e-05
36,0,0,1,0.9985,2.044e-05,0.001549,7.33e-06
37,0,0,1,0.9995,2.16e-05,0.000601,4.23e-06
38,0,0,1,1.0,8.05e-06,7.224e-05,1.67e-06
39,0,0,1,0.843,0.002245,0.154,0.001012
40,0,0,1,0.991,0.0001832,0.008575,5.22e-05
41,0,0,1,1.0,3.76e-06,6.91e-05,6e-07
42,0,0,1,0.9995,5.36e-06,0.0002424,1e-06
43,0,0,1,0.998,9.63e-05,0.001896,3.177e-05
44,0,0,1,0.999,4.524e-05,0.0008726,1.08e-05
45,0,0,1,0.9756,9.34e-05,0.02417,4.48e-05
46,0,0,1,0.9995,9.7e-06,0.0002354,2.1e-06
47,0,0,1,1.0,1.29e-05,0.0002234,1.85e-06
48,0,0,1,1.0,6.3e-06,0.0001787,1.1e-06
49,0,0,1,1.0,1.6e-06,6.57e-05,3e-07
50,0,0,1,0.999,2e-05,0.000788,7.1e-06
51,0,0,1,0.9995,9e-06,0.000427,1.9e-06
52,0,0,1,1.0,3.5e-06,0.0001665,7e-07
53,0,0,1,0.9976,0.0001994,0.002096,5.376e-05
54,0,0,1,0.9985,3.02e-05,0.001308,8.64e-06
55,0,0,1,0.978,0.000307,0.02167,0.00012165
56,0,0,1,0.9995,2.24e-05,0.0004997,5.07e-06
57,0,0,1,0.9844,0.0002592,0.015076,0.0001089
58,0,0,1,0.9995,1.144e-05,0.0003686,2.6e-06
59,0,0,1,0.9995,8.64e-06,0.0004573,2.6e-06
60,0,0,1,1.0,4.35e-06,0.0001948,9.5e-07
61,0,0,1,0.9585,0.000637,0.04047,0.0002973
62,0,0,1,0.5933,0.001826,0.4045,0.0007095
63,0,0,1,0.5283,0.011566,0.4556,0.004322
64,0,0,1,1.0,7.87e-06,7.784e-05,1.4e-06
65,0,0,1,0.9995,1e-05,0.0004878,2.3e-06
66,0,0,1,1.0,9.8e-06,0.0002092,2.3e-06
67,0,0,1,0.998,5.61e-05,0.001847,1.32e-05
68,0,0,1,0.9985,0.0001235,0.001256,3.4e-05
69,0,0,1,1.0,8.9e-06,6.527e-05,1.3e-06
70,0,0,1,0.998,7.284e-05,0.001689,2.33e-05
71,0,0,1,0.988,0.0001298,0.01207,5e-05
72,0,0,1,0.9995,5.5e-06,0.0004475,1.25e-06
73,0,0,1,0.998,0.0001647,0.001835,5.51e-05
74,0,0,1,0.999,4.84e-05,0.000879,1.687e-05
75,0,0,1,0.9985,1.83e-05,0.001548,5.54e-06
76,0,0,1,0.9976,2.77e-05,0.002213,1.013e-05
77,0,0,1,0.979,0.000923,0.01949,0.000535
78,0,0,1,0.999,3.11e-05,0.0007277,1.174e-05
79,0,0,1,0.999,1.496e-05,0.000715,3.2e-06
80,0,0,1,0.987,0.0004606,0.01249,0.0001396
81,0,0,1,0.999,1.454e-05,0.000975,3.7e-06
82,0,0,1,0.985,0.0001916,0.014915,7.755e-05
83,0,0,1,0.994,8.65e-05,0.005882,2.35e-05
84,0,0,1,0.975,0.0001353,0.02472,5.317e-05
85,0,0,1,0.9995,9.83e-06,0.000496,2.86e-06
86,0,0,1,1.0,1.8e-06,3.39e-05,2e-07
87,0,0,1,1.0,5.6e-06,0.000171,1.13e-06
88,0,0,1,0.992,0.0003448,0.007423,0.0001293
89,0,0,1,1.0,1.2e-06,2.69e-05,2.4e-07
90,0,0,1,0.999,5.823e-05,0.0007505,1.26e-05
91,0,0,1,0.9985,0.0001348,0.001387,3.463e-05
92,0,0,1,0.9995,4.37e-05,0.0005455,1.06e-05
93,0,0,1,1.0,5.1e-06,0.00011146,1.1e-06
94,0,0,1,0.999,0.0001101,0.0008736,2.76e-05
95,0,0,1,1.0,1.3e-05,0.0001888,2.44e-06
96,0,0,1,1.0,2.205e-05,0.000158,3.9e-06
97,0,0,1,0.9995,1.4e-05,0.000293,2.74e-06
98,0,0,1,0.9897,0.0001963,0.01019,7.12e-05
99,0,0,1,0.91,0.000814,0.0886,0.0003295
100,0,0,1,0.9995,1.07e-05,0.000595,3.46e-06
101,0,0,1,1.0,6.6e-07,4.5e-06,6e-08
102,0,0,1,0.9995,1.544e-05,0.0004869,4.35e-06
103,0,0,1,1.0,4.4e-06,7.826e-05,1e-06
104,0,0,1,0.963,0.0009384,0.03568,0.00051
105,0,0,1,1.0,4.3e-06,0.0001656,1.4e-06
106,0,0,1,0.9995,4.8e-06,0.0003161,1.5e-06
107,0,0,1,0.998,8.5e-05,0.0017,3.42e-05
108,0,0,1,0.9995,6.8e-06,0.0002608,1.5e-06
109,0,0,1,0.9253,0.0004838,0.0738,0.0002245
110,0,0,1,0.9976,3.46e-05,0.002304,1.15e-05
111,0,0,1,0.9985,2.325e-05,0.001362,7e-06
112,0,0,1,0.9995,1.764e-05,0.0002348,3.8e-06
113,0,0,1,1.0,1.25e-05,0.00012195,3.34e-06
114,0,0,1,1.0,8.34e-06,9.745e-05,1.5e-06
115,0,0,1,0.9956,0.0003374,0.00376,0.0001508
116,0,0,1,0.997,6.753e-05,0.002825,3.55e-05
117,0,0,1,1.0,9.5e-07,6.56e-06,1e-07
118,0,0,1,1.0,4.05e-06,3.564e-05,6e-07
119,0,0,1,0.951,0.004505,0.04303,0.001136
120,0,0,1,0.9995,2.426e-05,0.0003786,6.74e-06
121,0,0,1,1.0,1.82e-05,8.77e-05,4.35e-06
122,0,0,1,0.997,0.000545,0.002224,7.915e-05
123,0,0,1,0.999,0.0001652,0.000903,4.81e-05
124,0,0,1,0.9995,1.127e-05,0.0003536,3.34e-06
125,0,0,1,0.9995,5.025e-05,0.000257,1.436e-05
126,0,0,1,1.0,1.246e-05,8.154e-05,2.15e-06
127,0,0,1,1.0,9e-07,8.9e-06,6e-08
128,0,0,1,0.998,0.000196,0.001863,6.646e-05
129,0,0,1,0.9995,4.107e-05,0.0004807,1.115e-05
130,0,0,1,0.9995,6.26e-06,0.00025,2.26e-06
131,0,0,1,1.0,9.6e-06,0.00011796,2.1e-06
132,0,0,1,0.9976,8.476e-05,0.002214,2.694e-05
133,0,0,1,0.9995,4.256e-05,0.0006313,1.11e-05
134,0,0,1,0.644,0.0004554,0.3555,0.0001866
135,0,0,1,0.9995,1.02e-05,0.0004056,3.04e-06
136,0,0,1,1.0,7.5e-06,5.86e-05,1.43e-06
137,0,0,1,0.9995,1.32e-05,0.000611,4.23e-06
138,0,0,1,0.9995,3.47e-05,0.0002195,6.6e-06
139,0,0,1,1.0,2.66e-05,0.0001285,3.04e-06
140,0,0,1,0.999,2.64e-05,0.0007515,7.03e-06
141,0,0,1,0.8906,0.001966,0.10657,0.001
142,0,0,1,0.9893,0.0003858,0.0102,0.000149
143,0,0,1,0.9995,3.594e-05,0.000381,7.7e-06
144,0,0,1,1.0,7.87e-06,0.0001338,1.6e-06
145,0,0,1,1.0,2.366e-05,0.0002012,5.1e-06
146,0,0,1,0.975,0.0002092,0.02441,9.3e-05
147,0,0,1,0.829,0.0007105,0.1698,0.0003488
148,0,0,1,0.949,0.001032,0.04956,0.0003266
149,0,0,1,0.9985,1.09e-05,0.00145,3.7e-06
150,0,0,1,0.9966,4.22e-05,0.003248,1.86e-05
151,0,0,1,0.9907,6.19e-05,0.00926,2.61e-05
152,0,0,1,0.9985,2.65e-05,0.00124,6.5e-06
153,0,0,1,0.9946,0.0001171,0.005035,5.45e-05
154,0,1500,0,0.4885,0.001501,0.5093,0.000888
155,0,0,1,1.0,7.03e-06,0.0001255,1.55e-06
156,0,0,1,0.9834,0.0002044,0.01616,8.64e-05
157,0,0,1,0.892,0.003548,0.10315,0.001297
158,0,0,1,0.9976,4.214e-05,0.002546,1.75e-05
159,0,0,1,0.999,3.26e-05,0.001153,9.95e-06
160,0,0,1,0.848,0.00212,0.1488,0.000861
161,0,0,1,0.9995,9.7e-05,0.0004687,1.657e-05
162,0,0,1,0.9995,3.3e-06,0.000397,9e-07
163,0,0,1,0.9995,6.4e-06,0.000591,1.85e-06
164,0,0,1,0.9526,0.0003593,0.04675,0.0001281
165,0,0,1,0.945,0.0003133,0.05484,0.0001379
166,0,0,1,1.0,3.5e-06,0.000155,9e-07
167,0,0,1,0.9985,8.273e-05,0.001443,3.86e-05
168,0,0,1,1.0,4.35e-06,4.54e-05,8.3e-07
169,0,0,1,0.969,0.0003026,0.03032,0.0001713
170,0,0,1,0.981,0.0003786,0.0188,0.0001115
171,0,0,1,0.9995,5.84e-06,0.0003512,1.5e-06
172,0,0,1,0.9995,7.8e-06,0.000473,2.4e-06
173,0,0,1,0.8335,0.005466,0.1578,0.003042
174,0,0,1,0.998,2.1e-05,0.001903,7.15e-06
175,0,0,1,0.931,0.0008593,0.06744,0.0003927
176,0,0,1,0.999,1.174e-05,0.0009336,4.23e-06
177,0,0,1,0.9976,5.93e-05,0.002405,1.806e-05
178,0,0,1,0.9883,0.0001911,0.01164,7.194e-05
179,0,0,1,0.9434,0.0003793,0.0563,0.0001668
180,0,0,1,0.9995,2.6e-05,0.0003393,7.2e-06
181,0,0,1,0.992,0.001942,0.00565,0.0003974
182,0,0,1,0.5835,0.03683,0.3423,0.03726
183,0,0,1,1.0,7.15e-06,0.0001484,1.4e-06
184,0,0,1,1.0,3.93e-06,3.79e-05,3.6e-07
185,0,0,1,0.999,4.286e-05,0.0008874,7.2e-06
186,0,0,1,0.9995,1.2e-05,0.000317,3e-06
187,0,0,1,0.9995,1.24e-05,0.000539,3.7e-06
188,0,0,1,0.996,0.0002111,0.003824,6.55e-05
189,0,0,1,0.93,0.0009465,0.0681,0.000622
190,0,0,1,0.9976,5.68e-05,0.002535,1.955e-05
191,0,0,1,0.9277,0.0006704,0.0714,0.000273
192,0,0,1,0.999,4.58e-05,0.0008264,1.32e-05
193,0,0,1,0.9995,4.137e-05,0.0005264,9.6e-06
194,0,0,1,1.0,2.5e-06,2.444e-05,2.4e-07
195,0,0,1,0.7734,0.002672,0.223,0.001071
196,0,0,1,0.997,7.33e-05,0.003063,2.93e-05
197,0,0,1,0.9995,3.66e-05,0.0004454,6.85e-06
198,0,0,1,0.994,0.000397,0.005047,0.0001849
199,0,0,1,1.0,1.04e-05,0.000126,2e-06
200,0,0,1,0.999,8.31e-05,0.0010605,2.337e-05
201,0,0,1,0.9883,0.001785,0.00933,0.0003922
202,0,0,1,1.0,1.14e-05,0.0001585,2.7e-06
203,0,0,1,0.9995,4.52e-05,0.000324,9e-06
204,0,0,1,1.0,5.2e-06,4.25e-05,7e-07
205,0,0,1,0.999,8.756e-05,0.001055,1.99e-05
206,0,0,1,1.0,1.97e-06,3.07e-05,2.4e-07
207,0,0,1,0.999,6.664e-05,0.001127,1.556e-05
208,0,0,1,0.969,0.01935,0.01053,0.001045
209,0,0,1,0.969,0.01548,0.01309,0.002056
210,0,0,1,1.0,1.13e-06,6.25e-05,2.4e-07
211,0,0,1,0.9873,0.001063,0.01105,0.0005493
212,0,0,1,1.0,1.5e-06,5.42e-05,3e-07
213,0,0,1,0.996,0.0002043,0.003614,7.343e-05
214,0,0,1,0.9746,0.000375,0.02461,0.0001704
215,0,0,1,0.9985,1.77e-05,0.001207,4.5e-06
216,0,0,1,0.999,4.08e-05,0.001044,1.204e-05
217,0,0,1,0.9956,7.25e-05,0.004475,2.76e-05
218,0,0,1,0.968,0.0008607,0.03088,0.0002828
219,0,0,1,0.972,0.0002236,0.02771,0.00010586
220,0,0,1,0.762,0.0005965,0.2369,0.000407
221,0,0,1,0.999,4.87e-05,0.0006847,1.66e-05
222,0,0,1,0.989,0.0001861,0.01094,5.81e-05
223,0,0,1,1.0,1.25e-06,2.4e-05,2e-07
224,0,0,1,0.995,0.0001752,0.00475,4.244e-05
225,0,0,1,0.9897,0.0002341,0.00987,7.15e-05
226,0,0,1,0.9937,0.0001913,0.006306,9.22e-05
227,0,0,1,0.9995,1.293e-05,0.000416,2.6e-06
228,0,0,1,0.9966,0.000265,0.003212,0.00010073
229,0,0,1,0.9995,1.234e-05,0.0003314,3.64e-06
230,0,0,1,0.9995,1.47e-05,0.0004108,3.5e-06
231,0,0,1,0.997,4.98e-05,0.002766,2.06e-05
232,0,0,1,0.9243,0.0009294,0.074,0.000614
233,0,0,1,1.0,1.48e-05,7.71e-05,1.8e-06
234,0,0,1,0.997,6.384e-05,0.002642,2.04e-05
235,0,0,1,0.998,3.86e-05,0.001984,1.41e-05
236,0,0,1,0.9985,1.436e-05,0.001327,4.65e-06
237,0,0,1,0.997,0.00010884,0.002644,2.5e-05
238,0,0,1,0.9526,0.0003796,0.0466,0.0001822
239,0,0,1,0.9995,1.89e-05,0.0003035,3.3e-06
240,0,0,1,1.0,1.9e-06,1.967e-05,2.4e-07
241,0,0,1,1.0,2.1e-06,4.965e-05,2.4e-07
242,0,0,1,1.0,4.35e-06,8.166e-05,7e-07
243,0,0,1,0.9175,0.0005217,0.08154,0.0002463
244,0,0,1,0.996,4.756e-05,0.003712,1.085e-05
245,0,0,1,0.9995,5.96e-06,0.0002847,1.25e-06
246,0,0,1,0.999,1.36e-05,0.001053,4.1e-06
247,0,0,1,0.9976,4.13e-05,0.002436,1.06e-05
248,0,0,1,1.0,2e-06,4.655e-05,4e-07
249,0,0,1,0.9956,1.96e-05,0.0043,6.8e-06
250,0,0,1,0.9966,5.95e-05,0.003468,1.88e-05
251,0,0,1,1.0,3e-07,6.5e-06,6e-08
252,0,0,1,0.9995,1.407e-05,0.000555,4.6e-06
253,0,0,1,1.0,8.3e-07,1.39e-05,1e-07
254,0,0,1,0.983,0.0002079,0.01678,8.774e-05
255,0,0,1,0.996,5.203e-05,0.003685,2.47e-05
256,0,0,1,0.978,0.0006166,0.02106,0.000382
257,0,0,1,0.997,0.0002642,0.002443,6.56e-05
258,0,0,1,0.996,0.0001415,0.00378,5.16e-05
259,0,0,1,1.0,1.9e-06,2.396e-05,2.4e-07
260,0,0,1,1.0,7.9e-06,8.523e-05,1.4e-06
261,0,0,1,1.0,2.8e-06,6.413e-05,5.4e-07
262,0,0,1,0.9966,6.545e-05,0.003447,2.265e-05
263,0,0,1,0.9736,5.97e-05,0.02611,1.496e-05
264,0,0,1,0.9995,2.366e-05,0.0002925,6.4e-06
265,0,0,1,0.9927,0.0005364,0.00647,0.0001705
266,0,0,1,0.999,1.204e-05,0.000726,3.9e-06
267,0,0,1,0.999,1.31e-05,0.000812,4.23e-06
268,0,0,1,0.998,6.96e-05,0.00195,2.18e-05
269,0,0,1,1.0,1e-06,3.153e-05,2e-07
270,0,0,1,0.9976,5.88e-05,0.002457,1.174e-05
271,0,0,1,0.999,1.794e-05,0.000982,6.7e-06
272,0,0,1,1.0,2.9e-06,0.00011694,5.4e-07
273,0,0,1,1.0,9e-07,2.79e-05,1e-07
274,0,0,1,0.999,4.33e-05,0.000891,9.7e-06
275,0,0,1,1.0,2.4e-07,3.4e-06,0.0
276,0,0,1,1.0,2e-07,1.9e-06,0.0
277,0,0,1,0.996,0.0001551,0.00351,5.203e-05
278,0,1500,0,0.01143,0.0008793,0.985,0.00266
279,0,0,1,1.0,6.14e-06,0.0001557,1.5e-06
280,0,0,1,0.9995,4.685e-05,0.000367,1e-05
281,0,0,1,0.9985,7.355e-05,0.0015135,2.086e-05
282,0,0,1,0.6445,0.00529,0.3467,0.003483
283,0,0,1,0.994,0.0001781,0.005756,6.99e-05
284,0,0,1,0.9995,1.15e-05,0.0002987,2.4e-06
285,0,0,1,1.0,5.4e-06,5.275e-05,8e-07
286,0,0,1,0.988,0.000993,0.01102,0.0003805
287,0,0,1,0.999,4.286e-05,0.000943,7.4e-06
288,0,0,1,0.9995,5.13e-05,0.0004084,4.3e-06
289,0,0,1,0.988,0.0008106,0.011185,0.0003617
290,0,0,1,0.9995,1.49e-05,0.0003614,3e-06
291,0,0,1,1.0,5.5e-06,0.0002155,1.2e-06
292,0,0,1,0.999,9.793e-05,0.0006924,2.04e-05
293,0,0,1,0.982,0.01281,0.00501,0.0004528
294,0,0,1,0.988,0.0001512,0.01191,6.5e-05
295,0,0,1,1.0,9e-07,2.444e-05,2e-07
296,0,0,1,1.0,3.9e-06,0.0001496,9.5e-07
297,0,0,1,0.996,7.355e-05,0.003677,2.855e-05
298,0,0,1,1.0,4e-06,5.83e-05,8e-07
299,0,0,1,1.0,5.4e-07,1.14e-05,6e-08
300,0,0,1,0.9995,7.04e-05,0.0004637,1.85e-05
301,0,0,1,0.89,0.002117,0.107,0.000975
302,0,0,1,1.0,1.3e-06,2.253e-05,2e-07
303,0,0,1,0.9985,0.0001861,0.001241,3.487e-05
304,0,0,1,1.0,6e-06,0.0002174,2e-06
305,0,0,1,0.9966,2.223e-05,0.003544,7.45e-06
306,0,0,1,0.9995,5.9e-06,0.0004916,1.7e-06
307,0,0,1,0.9814,0.0003004,0.018,0.0001456
308,0,0,1,0.9976,2.193e-05,0.00221,7.8e-06
309,0,0,1,1.0,7.8e-06,0.0001652,2.5e-06
310,0,0,1,0.9995,3.16e-05,0.0005918,8.9e-06
311,0,1500,0,0.005165,0.000344,0.994,0.0003207
312,0,0,1,1.0,5.07e-06,0.00010556,8.3e-07
313,0,0,1,1.0,6.9e-06,0.0001181,1.4e-06
314,0,0,1,0.974,0.000608,0.02518,0.0002615
315,0,0,1,0.9985,8.774e-05,0.001151,1.454e-05
316,0,0,1,1.0,1.276e-05,9.62e-05,2.26e-06
317,0,0,1,0.999,3.08e-05,0.000957,9.54e-06
318,0,0,1,0.999,1.734e-05,0.0011425,5.36e-06
319,0,0,1,0.998,8.4e-05,0.002005,1.746e-05
320,0,0,1,0.9995,6.5e-06,0.000289,1.5e-06
321,0,0,1,0.9995,1.4e-05,0.0004141,4.23e-06
322,0,0,1,1.0,1.97e-06,0.00010717,4e-07
323,0,0,1,1.0,1.67e-06,6.37e-05,3.6e-07
324,0,0,1,1.0,5e-07,3.74e-05,6e-08
325,0,0,1,0.9995,1.687e-05,0.000285,5.07e-06
326,0,0,1,1.0,1.85e-06,7.06e-05,4e-07
327,0,1500,0,0.429,0.00891,0.5566,0.005157
328,0,0,1,1.0,1.97e-06,3.67e-05,3e-07
329,0,0,1,1.0,1.4e-06,3.57e-05,3e-07
330,0,0,1,0.999,0.0001195,0.0006304,2.16e-05
331,0,0,1,0.996,0.000169,0.003637,6.18e-05
332,0,0,1,0.9985,9.996e-05,0.001401,4.02e-05
333,0,0,1,0.9917,0.0002759,0.008125,0.00011057
334,0,0,1,0.9126,0.001085,0.0858,0.000609
335,0,0,1,0.9985,9.394e-05,0.00129,2.11e-05
336,0,0,1,1.0,1.38e-05,9.525e-05,2.74e-06
337,0,0,1,1.0,8.46e-06,0.0001382,2.26e-06
338,0,0,1,0.9976,0.0001029,0.002184,2.68e-05
339,0,0,1,0.999,6.22e-05,0.0007563,1.98e-05
340,0,0,1,1.0,3.64e-06,5.73e-05,6.6e-07
341,0,0,1,0.7407,0.000849,0.258,0.000489
342,0,0,1,0.9995,3.12e-05,0.0006824,7.15e-06
343,0,0,1,1.0,3.1e-06,1.955e-05,3e-07
344,0,0,1,1.0,9.9e-06,0.0001082,2.15e-06
345,0,0,1,1.0,8.05e-06,0.0001031,1.43e-06
346,0,0,1,1.0,2.72e-05,0.0001943,3.3e-06
347,0,0,1,0.9976,0.0001405,0.002274,3.95e-05
348,0,0,1,0.9854,0.000539,0.01379,0.00025
349,0,0,1,0.9995,6.14e-06,0.0003297,1.7e-06
350,0,0,1,1.0,9.2e-06,0.0001343,2.2e-06
351,0,0,1,0.997,6.64e-05,0.002733,2.3e-05
352,0,0,1,0.9995,7.14e-05,0.0005474,1.16e-05
353,0,0,1,0.9976,4.34e-05,0.002338,1.37e-05
354,0,0,1,1.0,1.68e-05,0.0001423,3.46e-06
355,0,0,1,0.9995,3.976e-05,0.0003037,7.2e-06
356,0,0,1,1.0,1.8e-06,3.386e-05,3e-07
357,0,0,1,0.999,5.996e-05,0.0008,2.17e-05
358,0,0,1,0.9995,2.74e-06,0.0002682,6e-07
359,0,0,1,1.0,1.01e-05,0.000218,3.04e-06
360,0,1500,0,0.2632,0.002033,0.734,0.001156
361,0,0,1,1.0,1.9e-06,0.0002146,5e-07
362,0,0,1,1.0,9.5e-07,2.635e-05,2.4e-07
363,0,0,1,0.9995,7.7e-06,0.0002453,1.7e-06
364,0,0,1,1.0,9.5e-07,5.71e-05,2e-07
365,0,0,1,0.995,7.96e-05,0.005005,2.676e-05
366,0,0,1,0.9995,1.79e-05,0.0005875,2.74e-06
367,0,0,1,0.9995,8.3e-06,0.0003002,1.8e-06
368,0,0,1,0.9995,1.96e-05,0.000335,7.2e-06
369,0,0,1,0.998,2.77e-05,0.001708,1.04e-05
370,0,0,1,0.9995,0.0002327,0.0004427,2.795e-05
371,0,0,1,0.988,0.0003288,0.01175,0.0001581
372,0,0,1,1.0,5e-06,0.0001157,1.2e-06
373,0,0,1,0.9985,0.0002558,0.001257,4.375e-05
374,0,0,1,0.9995,1.526e-05,0.0003133,3.64e-06
375,0,0,1,1.0,2.44e-06,3.18e-05,3e-07
376,0,0,1,1.0,5.4e-07,3.904e-05,6e-08
377,0,0,1,0.9995,1.425e-05,0.0006337,3.76e-06
378,0,0,1,0.9766,0.000492,0.02254,0.0002365
379,0,0,1,0.9946,0.0003152,0.005127,0.000101
380,0,0,1,0.9995,1.943e-05,0.0005097,7.75e-06
381,0,0,1,0.9414,0.002348,0.05444,0.00163
382,0,0,1,0.9824,0.000593,0.01688,0.0003095
383,0,0,1,0.9976,0.0001717,0.002085,3.98e-05
384,0,0,1,1.0,3.9e-06,6.884e-05,7e-07
385,0,0,1,0.9937,0.0002487,0.006157,8.97e-05
386,0,0,1,0.999,3.964e-05,0.0006976,1.53e-05
387,0,0,1,0.9956,0.0001484,0.004414,5.08e-05
388,0,0,1,1.0,1.52e-05,4.51e-05,1.6e-06
389,0,0,1,0.9043,0.001708,0.09326,0.0009565
390,0,0,1,1.0,5.66e-06,0.0001638,1.3e-06
391,0,0,1,0.999,0.0004654,0.0005045,2.265e-05
392,0,0,1,1.0,2.7e-06,3.695e-05,4e-07
393,0,0,1,1.0,2.4e-06,3.52e-05,4e-07
394,0,0,1,0.9966,0.0001607,0.003244,7.546e-05
395,0,0,1,0.9995,1.06e-05,0.0004318,3.6e-06
396,0,0,1,0.995,0.0002254,0.00444,0.00011563
397,0,0,1,1.0,8e-06,5.73e-05,1.43e-06
398,0,0,1,0.9995,1.34e-05,0.0003493,3.34e-06
399,0,0,1,0.9893,8.69e-05,0.010475,3.03e-05
400,0,0,1,1.0,1.55e-06,0.0001148,3.6e-07
401,0,0,1,0.9995,9.95e-06,0.0006137,2.9e-06
402,0,0,1,0.999,3.99e-05,0.000725,1.44e-05
403,0,0,1,1.0,1.9e-06,1.895e-05,3e-07
404,0,0,1,1.0,6.74e-06,7.105e-05,1.25e-06
405,0,0,1,1.0,5.7e-06,5.627e-05,6.6e-07
406,0,0,1,0.9995,4.02e-05,0.000501,9e-06
407,0,0,1,0.9985,0.0001279,0.001503,3.91e-05
408,0,0,1,0.997,0.000117,0.002583,5.525e-05
409,0,0,1,0.9985,0.0001868,0.001423,4.584e-05
410,0,0,1,1.0,7.75e-06,0.0001858,1.4e-06
411,0,0,1,1.0,3.3e-06,6.85e-05,8.3e-07
412,0,0,1,0.9995,1.77e-05,0.000698,4.9e-06
413,0,0,1,0.661,0.001071,0.3372,0.000443
414,0,0,1,0.9995,0.0001998,0.0002959,1.67e-05
415,0,0,1,0.999,0.000229,0.0007553,2.81e-05
416,0,0,1,0.9927,0.0007133,0.006317,0.0001576
417,0,0,1,0.998,0.0001198,0.001993,4.17e-05
418,0,0,1,0.998,7.695e-05,0.00163,2.736e-05
419,0,0,1,1.0,7.1e-06,9.62e-05,1.43e-06
420,0,0,1,0.9976,0.0001191,0.002296,4.82e-05
421,0,0,1,0.999,0.00011444,0.001021,4.643e-05
422,0,0,1,1.0,3.46e-06,0.0001302,5.4e-07
423,0,0,1,0.9976,0.0001339,0.002224,3.624e-05
424,0,0,1,0.9946,0.0002782,0.004986,0.0001087
425,0,0,1,1.0,1.6e-05,7.725e-05,1.9e-06
426,0,0,1,1.0,8.696e-05,0.0001398,7.57e-06
427,0,0,1,0.9985,0.000101,0.001264,3.29e-05
428,0,0,1,0.9995,4.286e-05,0.000505,1.1e-05
429,0,0,1,0.9985,0.0001122,0.001466,2.89e-05
430,0,0,1,1.0,7.9e-06,0.000192,2.6e-06
431,0,0,1,1.0,3.04e-06,7.266e-05,5e-07
432,0,0,1,1.0,8.3e-07,7e-06,6e-08
433,0,0,1,0.998,0.00042,0.001224,7.56e-05
434,0,0,1,0.998,0.00011665,0.001712,3.344e-05
435,0,0,1,0.9985,0.0002158,0.0013685,4.21e-05
436,0,0,1,1.0,4.95e-06,6.545e-05,9e-07
437,0,0,1,0.932,0.0009613,0.0663,0.000509
438,0,0,1,1.0,3.46e-06,2.6e-05,4e-07
439,0,0,1,1.0,9.5e-06,0.0001795,1.67e-06
440,0,0,1,0.9927,0.0003147,0.006798,0.0001281
441,0,0,1,1.0,6.5e-06,8.106e-05,1e-06
442,0,0,1,0.999,2.53e-05,0.0009527,9e-06
443,0,0,1,1.0,3e-07,1.18e-05,6e-08
444,0,0,1,0.984,0.0001001,0.01598,3.45e-05
445,0,0,1,0.9727,0.0004656,0.02644,0.0002183
446,0,0,1,0.9985,3.41e-05,0.001459,1.365e-05
447,0,0,1,0.936,0.0003557,0.0634,0.0001549
448,0,0,1,1.0,4.3e-06,0.0002072,1.25e-06
449,0,0,1,0.996,7.06e-05,0.003706,2.73e-05
450,0,0,1,0.9995,6.4e-06,0.0003479,1.55e-06
451,0,0,1,0.9995,1.544e-05,0.000522,3.8e-06
452,0,0,1,1.0,3.6e-07,3.8e-06,6e-08
453,0,0,1,0.996,0.00019,0.003412,6.48e-05
454,0,0,1,0.9985,8.357e-05,0.001333,2.646e-05
455,0,0,1,0.986,0.001941,0.011734,0.000668
456,0,0,1,0.9976,3.475e-05,0.002338,1.246e-05
457,0,0,1,0.999,8.95e-05,0.000765,2.617e-05
458,0,0,1,1.0,8.3e-06,0.0001853,1.97e-06
459,0,0,1,0.9907,0.0003722,0.008835,0.0001786
460,0,0,1,0.999,9.23e-05,0.000946,2.27e-05
461,0,0,1,1.0,5.3e-06,0.0002267,1.2e-06
462,0,0,1,0.94,0.001202,0.0581,0.000761
463,0,0,1,0.999,3.713e-05,0.001107,8.7e-06
464,0,0,1,1.0,7.7e-06,0.0001414,1.55e-06
465,0,0,1,0.9995,6.48e-05,0.0002072,9.36e-06
466,0,0,1,0.9995,1.043e-05,0.0004146,2.7e-06
467,0,0,1,0.9995,3.326e-05,0.0004117,8.64e-06
468,0,0,1,1.0,3.76e-06,4.16e-05,8e-07
469,0,0,1,0.9985,0.0002892,0.00116,5.823e-05
470,0,0,1,0.999,1.305e-05,0.001131,3e-06
471,0,0,1,0.9985,2.337e-05,0.00124,5.2e-06
472,0,0,1,0.9985,5.34e-05,0.001291,1.69e-05
473,0,0,1,0.998,4.965e-05,0.001736,9.6e-06
474,0,0,1,1.0,3.2e-06,9.64e-05,5.4e-07
475,0,0,1,1.0,1.276e-05,0.0002191,3.46e-06
476,0,0,1,0.9966,4.62e-05,0.003502,1.436e-05
477,0,0,1,0.999,5.746e-05,0.000855,1.79e-05
478,0,0,1,1.0,1.85e-06,0.0001335,3e-07
479,0,0,1,0.9995,1.82e-05,0.0003319,4.2e-06
480,0,0,1,0.999,9e-06,0.001011,2.5e-06
481,0,0,1,0.997,4.745e-05,0.002716,1.436e-05
482,0,0,1,0.994,0.0002297,0.005524,9.37e-05
483,0,0,1,1.0,6.1e-06,0.0001844,1.5e-06
484,0,0,1,0.998,3.946e-05,0.001939,1.514e-05
485,0,0,1,0.958,0.0002191,0.04166,0.00011593
486,0,0,1,0.9995,6.14e-06,0.0002613,1.85e-06
487,0,0,1,0.9985,8.17e-06,0.001302,2.6e-06
488,0,0,1,1.0,1.1e-06,4.065e-05,2e-07
489,0,0,1,1.0,2.3e-06,2.795e-05,2.4e-07
490,0,0,1,1.0,6e-07,1.395e-05,1e-07
491,0,1500,0,0.2051,0.000594,0.794,0.0003514
492,0,0,1,0.9546,0.0001603,0.04517,7.486e-05
493,0,0,1,1.0,5.6e-06,0.0001905,1.4e-06
494,0,0,1,0.9917,7.296e-05,0.00818,2.354e-05
495,0,0,1,1.0,5.4e-07,2.635e-05,6e-08
496,0,0,1,0.9863,0.0001634,0.01364,6.77e-05
497,0,0,1,0.993,6.795e-05,0.006546,2.14e-05
498,0,0,1,0.993,0.0001285,0.00652,4.82e-05
499,0,0,1,0.9995,1.806e-05,0.0004504,4.2e-06
500,100,100,1,0.0001453,0.9956,0.000126,0.004147
501,100,100,1,0.0007772,0.979,0.00138,0.01895
502,100,100,1,0.0001388,0.9976,0.0001479,0.001925
503,100,100,1,0.0002248,0.9927,0.000247,0.006977
504,100,100,1,0.00016,0.996,0.0001347,0.003515
505,100,100,1,6.795e-05,0.999,4.2e-05,0.0009227
506,100,100,1,0.0003657,0.977,0.0008926,0.02153
507,100,100,1,0.0001801,0.9917,0.0002046,0.0079
508,100,100,1,7.59e-05,0.9995,4.935e-05,0.0001687
509,100,100,1,0.0003803,0.9985,8.756e-05,0.000909
510,100,100,1,0.0005774,0.987,0.000682,0.011955
511,100,100,1,0.0001124,0.9985,0.0001643,0.001004
512,100,100,1,0.0001894,0.9985,0.0001626,0.00112
513,100,100,1,0.0004246,0.9917,0.000578,0.007385
514,100,100,1,0.0005655,0.999,0.0001705,9.793e-05
515,100,100,1,0.00011176,0.9985,0.0001153,0.001303
516,100,100,1,0.00096,0.9546,0.00148,0.0431
517,100,2000,0,0.001019,0.1766,0.002186,0.8203
518,100,100,1,0.001812,0.965,0.00203,0.03146
519,100,100,1,0.0001913,0.997,0.0004456,0.002306
520,100,100,1,0.0001742,0.9985,0.0001293,0.001196
521,100,2000,0,0.001305,0.1422,0.002113,0.8545
522,100,100,1,2.78e-05,1.0,7.5e-06,3.02e-05
523,100,100,1,0.004448,0.922,0.00438,0.0693
524,100,100,1,0.0002265,0.996,0.000299,0.003508
525,100,100,1,0.0001547,0.9995,6.187e-05,0.000381
526,100,100,1,6.22e-05,0.999,4.554e-05,0.000726
527,100,100,1,0.001783,0.9644,0.005375,0.02872
528,100,2000,0,0.000715,0.3818,0.001104,0.616
529,100,100,1,0.000953,0.8735,0.001255,0.12445
530,100,100,1,4.88e-05,1.0,3.415e-05,7.355e-05
531,100,100,1,0.000565,0.9805,0.0007677,0.01845
532,100,100,1,0.001033,0.969,0.001226,0.02872
533,100,2000,0,3.16e-05,0.00105,8.91e-05,0.999
534,100,100,1,9.17e-05,0.9995,4.24e-05,0.000383
535,100,100,1,9.155e-05,0.9985,0.000157,0.001225
536,100,100,1,0.00073,0.9634,0.0008802,0.0348
537,100,100,1,0.0002377,0.9995,8.58e-05,0.0002868
538,100,100,1,0.000927,0.9966,0.000834,0.001554
539,100,100,1,0.0002496,0.9917,0.0004332,0.007465
540,100,100,1,0.0002133,0.9985,0.0001304,0.001244
541,100,100,1,1.75e-05,1.0,1.01e-05,1.51e-05
542,100,100,1,0.0001092,0.9985,0.00010437,0.001139
543,100,100,1,3.43e-05,0.9995,1.717e-05,0.0002189
544,100,100,1,0.0004075,0.9834,0.0005493,0.0155
545,100,100,1,0.001097,0.9404,0.001445,0.05698
546,100,100,1,0.0001355,0.9985,0.0001135,0.001342
547,100,100,1,5.263e-05,1.0,4.7e-05,0.0001308
548,100,100,1,0.000519,0.997,0.000764,0.001856
549,100,100,1,0.000958,0.8022,0.001046,0.1958
550,100,2000,0,0.001297,0.2576,0.002048,0.7393
551,100,100,1,0.0009236,0.98,0.000637,0.01868
552,100,100,1,0.000492,0.9985,0.0002048,0.0005684
553,100,100,1,0.0002556,0.999,0.0001553,0.0003405
554,100,100,1,0.0002773,0.999,0.0001256,0.0007067
555,100,100,1,0.00355,0.9614,0.003727,0.03134
556,100,100,1,0.000644,0.9863,0.001096,0.01176
557,100,100,1,0.00010085,0.9995,7.69e-05,0.0004394
558,100,100,1,8.71e-05,0.993,0.000394,0.00625
559,100,100,1,0.0004234,0.9966,0.000345,0.002604
560,100,100,1,0.0001932,0.9873,0.0003948,0.01191
561,100,2000,0,0.001136,0.1671,0.001837,0.83
562,100,100,1,0.00010264,0.9976,0.0001663,0.002232
563,100,100,1,2.986e-05,0.9995,2.92e-05,0.0002283
564,100,100,1,0.001839,0.9976,0.0003674,0.0003822
565,100,100,1,0.000497,0.911,0.000518,0.08795
566,100,100,1,5.43e-05,0.999,4.643e-05,0.0009356
567,100,100,1,0.0002152,0.9995,0.0001298,0.0002439
568,100,100,1,0.00109,0.995,0.001202,0.002703
569,100,100,1,0.0003068,0.997,0.0004475,0.002281
570,100,100,1,7.5e-05,0.998,0.00011593,0.001835
571,100,100,1,0.00278,0.9863,0.001332,0.009384
572,100,100,1,0.0002303,0.9893,0.0002694,0.01008
573,100,100,1,5.853e-05,1.0,3.85e-05,0.0001093
574,100,100,1,0.001097,0.998,0.000295,0.000633
575,100,100,1,2.44e-05,1.0,1.43e-05,6.05e-05
576,100,100,1,0.001341,0.9775,0.001959,0.01935
577,100,100,1,0.00010735,0.999,9.81e-05,0.0006375
578,100,100,1,0.000659,0.9985,0.0001585,0.000695
579,100,100,1,7.81e-05,0.9995,3.314e-05,0.0002334
580,100,100,1,0.00012153,0.996,0.0001243,0.003569
581,100,100,1,5.34e-05,0.9995,3.2e-05,0.0001613
582,100,100,1,0.0001476,0.9995,0.0001202,0.0003953
583,100,100,1,0.001274,0.9985,5.686e-05,4.96e-05
584,100,100,1,0.0001336,0.999,0.000143,0.0005774
585,100,100,1,0.0003412,0.9917,0.000504,0.00761
586,100,100,1,0.0008583,0.997,0.000188,0.002033
587,100,100,1,0.0003154,0.999,6.89e-05,0.000521
588,100,100,1,0.0004916,0.998,0.0003414,0.001267
589,100,100,1,0.0003097,0.9766,0.000534,0.02242
590,100,100,1,3.63e-05,0.9995,2.503e-05,0.0005517
591,100,100,1,0.000552,0.983,0.0004585,0.0163
592,100,100,1,0.001462,0.984,0.000784,0.014015
593,100,100,1,0.0004833,0.9956,0.0008497,0.00288
594,100,100,1,5.1e-05,0.9995,8.78e-05,0.0004556
595,100,100,1,0.000923,0.9907,0.003403,0.00491
596,100,100,1,0.0001163,0.9976,0.0001365,0.002392
597,100,100,1,0.0008917,0.9976,0.0008817,0.000885
598,100,100,1,0.0002718,0.9966,0.000431,0.002542
599,100,100,1,0.001218,0.8813,0.002089,0.1155
600,100,100,1,0.0009723,0.8823,0.002869,0.114
601,100,100,1,0.0002463,0.9995,0.000125,0.00031
602,100,100,1,0.0006366,0.9805,0.000629,0.0182
603,100,100,1,0.0002902,0.998,0.000344,0.001478
604,100,100,1,0.0005174,0.9956,0.0006227,0.00312
605,100,100,1,0.001155,0.9824,0.001474,0.01489
606,100,100,1,0.0004,0.981,0.0004103,0.01822
607,100,100,1,0.006924,0.9673,0.002235,0.02371
608,100,100,1,0.002144,0.995,0.0006523,0.001914
609,100,100,1,0.012314,0.9873,0.0001974,9.984e-05
610,100,100,1,0.002296,0.9785,0.0012665,0.0177
611,100,100,1,1.943e-05,1.0,1.276e-05,0.0001034
612,100,100,1,0.001406,0.9917,0.001406,0.00544
613,100,100,1,1.67e-05,0.9995,1.53e-05,0.0002475
614,100,100,1,6.64e-05,0.9995,5.09e-05,0.0003343
615,100,100,1,9.906e-05,0.999,0.0001262,0.0005918
616,100,100,1,0.0002768,0.999,0.0002085,0.0004325
617,100,100,1,0.000855,0.996,0.0007343,0.00217
618,100,100,1,8.446e-05,0.9995,8.06e-05,0.0005
619,100,100,1,8.297e-05,0.999,5.81e-05,0.000592
620,100,100,1,0.000117,0.9995,6.706e-05,0.0002868
621,100,100,1,0.0003884,0.996,0.0003061,0.003248
622,100,100,1,0.0001077,0.999,6.53e-05,0.0009294
623,100,100,1,3.86e-05,1.0,4.51e-05,0.0001494
624,100,100,1,0.005154,0.9907,0.001405,0.002705
625,100,100,1,0.00053,0.9976,0.000613,0.001184
626,100,100,1,0.000815,0.812,0.00147,0.1858
627,100,100,1,0.0001553,0.9995,0.00012046,0.0003257
628,100,100,1,0.0009985,0.985,0.001299,0.01262
629,100,100,1,6.5e-05,0.9995,5.92e-05,0.0003128
630,100,100,1,0.00011706,0.998,0.0001104,0.001696
631,100,100,1,9.78e-05,0.996,0.0001923,0.003756
632,100,100,1,4.303e-05,0.9995,4.34e-05,0.0005226
633,100,100,1,2.027e-05,0.9995,2.19e-05,0.000417
634,100,100,1,6.205e-05,1.0,4.756e-05,0.0001193
635,100,100,1,0.000326,0.9927,0.0002197,0.006596
636,100,100,1,0.000563,0.9507,0.0005555,0.04822
637,100,100,1,0.0003731,0.97,0.000512,0.02887
638,100,100,1,0.0001386,0.9995,0.000135,0.0003128
639,100,100,1,0.000346,0.9976,0.000312,0.001571
640,100,100,1,0.004036,0.9873,0.003292,0.005478
641,100,100,1,0.001269,0.9946,0.0008435,0.003363
642,100,2000,0,0.0004194,0.07355,0.000813,0.9253
643,100,100,1,0.0002395,0.999,0.0001207,0.0005245
644,100,100,1,0.0001334,0.9995,3.695e-05,0.0001078
645,100,100,1,1.02e-05,1.0,6.9e-06,4.84e-05
646,100,100,1,8.863e-05,0.999,6.88e-05,0.0007815
647,100,100,1,0.0007725,0.9966,0.00042,0.002335
648,100,100,1,0.0006514,0.905,0.001454,0.0929
649,100,100,1,0.000661,0.9985,0.0002594,0.0003948
650,100,100,1,0.0001773,0.999,0.0001825,0.0006413
651,100,100,1,0.000638,0.9927,0.000732,0.005787
652,100,2000,0,0.0004456,0.1561,0.0006638,0.843
653,100,100,1,0.0006595,0.9966,0.0005665,0.002314
654,100,100,1,3.73e-05,0.9995,1.82e-05,0.0002033
655,100,100,1,5.84e-05,1.0,1.25e-05,4.21e-05
656,100,100,1,0.002073,0.911,0.005417,0.0813
657,100,100,1,0.0002806,0.995,0.0004528,0.00402
658,100,100,1,8.786e-05,0.998,0.0002131,0.001895
659,100,100,1,0.0003166,0.995,0.0002918,0.004257
660,100,100,1,0.00161,0.881,0.002659,0.115
661,100,100,1,0.000217,0.9995,6.5e-05,0.0001177
662,100,100,1,9.066e-05,0.9985,0.0001291,0.001347
663,100,100,1,0.0004277,0.9966,0.0002992,0.002647
664,100,100,1,0.0001186,0.9995,7.42e-05,0.00041
665,100,100,1,4.035e-05,0.999,4.46e-05,0.0007195
666,100,100,1,0.0002975,0.999,0.0001936,0.000605
667,100,100,1,0.0002296,0.998,0.0002668,0.001587
668,100,100,1,0.0003471,0.999,0.0001596,0.0002358
669,100,100,1,6.04e-05,0.9995,5.51e-05,0.0003033
670,100,100,1,0.000752,0.987,0.0004768,0.01204
671,100,100,1,0.002459,0.9673,0.003407,0.02707
672,100,100,1,0.0004032,0.998,0.0002723,0.001142
673,100,100,1,0.001734,0.879,0.002455,0.1169
674,100,100,1,0.00012046,0.9995,3.73e-05,0.0005417
675,100,100,1,0.0007815,0.973,0.0009103,0.02498
676,100,100,1,0.003551,0.8394,0.01045,0.1469
677,100,100,1,0.000891,0.9453,0.001639,0.0522
678,100,100,1,8.166e-05,0.9995,7.28e-05,0.00053
679,100,100,1,0.001477,0.998,0.00010663,0.000139
680,100,100,1,7.69e-05,0.9976,9.93e-05,0.00228
681,100,100,1,0.0007057,0.997,0.000422,0.001568
682,100,100,1,0.0001046,0.9985,0.0001151,0.001031
683,100,100,1,0.000768,0.9697,0.0009656,0.02858
684,100,100,1,0.002605,0.968,0.002579,0.02682
685,100,100,1,0.0001488,0.9995,8.106e-05,0.0003548
686,100,100,1,0.0003138,0.9976,0.0001808,0.002018
687,100,100,1,0.0007963,0.833,0.001419,0.1647
688,100,100,1,0.0003595,0.9893,0.0004194,0.01011
689,100,100,1,0.00147,0.9814,0.001819,0.01512
690,100,100,1,0.01175,0.985,0.002064,0.001206
691,100,100,1,0.000664,0.9863,0.0005236,0.0126
692,100,100,1,0.001085,0.9307,0.002232,0.06604
693,100,100,1,6.14e-05,0.999,4.715e-05,0.00072
694,100,100,1,0.0001415,0.9976,0.0002663,0.0018835
695,100,100,1,0.003693,0.981,0.003368,0.01199
696,100,100,1,0.0002277,0.9995,0.0001114,0.000284
697,100,100,1,0.0004833,0.996,0.000592,0.002773
698,100,100,1,0.000257,0.9995,7.14e-05,0.000273
699,100,100,1,0.003407,0.6978,0.004967,0.294
700,100,100,1,0.00010854,0.9946,0.0001261,0.005024
701,100,100,1,0.0001298,0.998,0.0001023,0.001862
702,100,100,1,0.0004802,0.9814,0.0008073,0.01706
703,100,100,1,6.74e-05,0.9985,7.4e-05,0.001198
704,100,100,1,0.001394,0.9644,0.002016,0.03232
705,100,100,1,0.00043,0.9995,7.826e-05,0.0001295
706,100,100,1,0.0001308,0.9995,7.1e-05,0.0003476
707,100,100,1,0.0004191,0.996,0.0001897,0.00333
708,100,100,1,0.02133,0.9473,0.005688,0.0259
709,100,100,1,0.004856,0.989,0.0015335,0.00492
710,100,100,1,1.53e-05,1.0,1.025e-05,4.935e-05
711,100,100,1,8.017e-05,0.9985,0.00011575,0.001421
712,100,100,1,0.000594,0.9956,0.000452,0.003153
713,100,2000,0,0.0002522,0.01379,0.0011,0.985
714,100,100,1,0.004646,0.973,0.002338,0.01999
715,100,100,1,0.00104,0.9775,0.001351,0.02005
716,100,100,1,0.00051,0.9897,0.0004296,0.00947
717,100,100,1,4.935e-05,1.0,1.127e-05,4.63e-05
718,100,100,1,0.001038,0.998,0.000236,0.0005164
719,100,100,1,2.78e-05,1.0,3.004e-05,0.0001371
720,100,100,1,0.003443,0.953,0.00422,0.03937
721,100,100,1,0.001068,0.9897,0.001095,0.007965
722,100,100,1,0.00236,0.961,0.002516,0.0343
723,100,100,1,5.36e-05,1.0,2.235e-05,8.03e-05
724,100,100,1,0.0003488,0.996,0.0001992,0.003267
725,100,100,1,0.0006294,0.996,0.0003817,0.002811
726,100,100,1,0.000754,0.974,0.0006537,0.02464
727,100,100,1,0.0001913,0.999,0.0001917,0.000526
728,100,100,1,0.0015,0.9927,0.0007715,0.004944
729,100,100,1,5.73e-05,0.9995,4.15e-05,0.000187
730,100,100,1,5.83e-05,0.9995,3.75e-05,0.0001484
731,100,100,1,0.0001684,0.998,0.0001603,0.001393
732,100,100,1,0.0005198,0.954,0.0007486,0.04462
733,100,100,1,0.0001606,0.9995,5.573e-05,7.796e-05
734,100,100,1,0.001387,0.9976,0.0005803,0.0005493
735,100,100,1,0.0001312,0.999,8.23e-05,0.000585
736,100,100,1,0.0001053,0.998,7.844e-05,0.001925
737,100,100,1,6.956e-05,0.9985,5.06e-05,0.00125
738,100,100,1,3.6e-05,1.0,2.897e-05,0.0001669
739,100,100,1,0.0004873,0.9995,6.837e-05,0.0001433
740,100,100,1,0.0009203,0.935,0.001191,0.0627
741,100,100,1,0.0002259,0.999,0.0001936,0.0005608
742,100,100,1,0.001403,0.972,0.001046,0.02536
743,100,100,1,0.0008187,0.992,0.000961,0.00627
744,100,100,1,0.0006404,0.9907,0.0004864,0.008354
745,100,100,1,0.0002173,0.9995,4.53e-05,0.0001007
746,100,100,1,0.0002233,0.997,0.0001652,0.002636
747,100,100,1,0.0003085,0.994,0.0002397,0.005165
748,100,100,1,0.0002178,0.9976,8.94e-05,0.001903
749,100,100,1,4.68e-05,0.999,3.177e-05,0.0008492
750,100,100,1,0.001057,0.995,0.0004294,0.00332
751,100,100,1,0.0003252,0.958,0.0005007,0.04117
752,100,100,1,0.00035,0.9956,0.0002575,0.003723
753,100,100,1,0.000542,0.982,0.0007586,0.01672
754,100,100,1,0.0006666,0.984,0.0008154,0.01445
755,100,100,1,0.0002797,0.99,0.0003474,0.00918
756,100,100,1,0.0007195,0.9897,0.0006323,0.00904
757,100,100,1,0.0003905,0.998,0.0002835,0.00141
758,100,100,1,0.0002337,0.9976,0.0004852,0.001553
759,100,100,1,0.002586,0.997,0.00025,0.000105
760,100,100,1,0.0007567,0.991,0.000902,0.007
761,100,100,1,0.0003803,0.9946,0.000596,0.004307
762,100,100,1,0.000546,0.866,0.001149,0.1321
763,100,100,1,0.001587,0.9976,0.0003843,0.000419
764,100,100,1,2.86e-05,1.0,2.41e-05,0.0001248
765,100,100,1,0.0001854,0.9736,0.0002089,0.02577
766,100,100,1,6.586e-05,0.9985,6.497e-05,0.001096
767,100,100,1,0.0003595,0.999,0.0002009,0.0003166
768,100,100,1,0.0002468,0.999,0.0003262,0.0002594
769,100,100,1,0.000644,0.7007,0.0007353,0.2979
770,100,100,1,0.0002079,0.962,0.0003672,0.0374
771,100,100,1,0.0001796,0.9985,0.0003004,0.000844
772,100,100,1,0.0003586,0.989,0.0006185,0.01048
773,100,100,1,0.000146,0.998,0.0002351,0.001507
774,100,100,1,0.0002137,0.9893,0.000254,0.0105
775,100,100,1,4.57e-05,0.9995,4.13e-05,0.0002532
776,100,100,1,7.06e-05,0.9995,5.69e-05,0.0002352
777,100,100,1,0.0005136,0.878,0.001335,0.1204
778,100,100,1,4.274e-05,1.0,4.65e-05,0.0001523
779,100,100,1,0.0001026,0.9985,0.00010854,0.00132
780,100,100,1,0.00019,0.998,0.0001507,0.001518
781,100,100,1,1.71e-05,0.9995,1.514e-05,0.0003061
782,100,100,1,0.001382,0.992,0.001919,0.004723
783,100,100,1,0.000367,0.9976,0.0003698,0.001695
784,100,100,1,2.05e-05,1.0,1.603e-05,3.05e-05
785,100,100,1,0.0003133,0.9956,0.000424,0.00348
786,100,100,1,0.0006504,0.998,0.0003622,0.000794
787,100,100,1,0.0003266,0.9893,0.000437,0.01005
788,100,100,1,0.001553,0.9814,0.002272,0.014496
789,100,100,1,4.93e-05,1.0,9.7e-06,2.456e-05
790,100,100,1,5.94e-05,1.0,3.28e-05,0.00015
791,100,100,1,0.0003443,0.9946,0.0004268,0.004467
792,100,100,1,0.000818,0.987,0.001088,0.0111
793,100,100,1,6.09e-05,0.9995,5.364e-05,0.0004704
794,100,100,1,0.0002279,0.994,0.0003078,0.00522
795,100,100,1,0.0002439,0.8926,0.0004766,0.1066
796,100,100,1,4.995e-05,0.9995,4.77e-05,0.000151
797,100,100,1,0.0003412,0.9956,0.0003603,0.00385
798,100,100,1,0.0006695,0.8193,0.00167,0.1786
799,100,100,1,0.000728,0.9688,0.0009184,0.02968
800,100,100,1,0.0001975,0.9976,0.0002131,0.001943
801,100,100,1,0.000581,0.9985,0.0002352,0.000492
802,100,100,1,0.0001248,0.9995,0.0001097,0.0004764
803,100,100,1,0.0001537,0.998,0.0001085,0.001452
804,100,100,1,0.0002878,0.997,0.0004718,0.002123
805,100,100,1,0.0006013,0.9937,0.0009685,0.004818
806,100,100,1,0.0001001,0.9976,0.0001103,0.002195
807,100,100,1,0.00025,0.9995,8.73e-05,0.0001874
808,100,100,1,9.91e-05,0.9995,9.91e-05,0.000476
809,100,100,1,0.0001021,0.998,7.874e-05,0.001867
810,100,100,1,0.001002,0.9917,0.0007763,0.00671
811,100,100,1,0.0007124,0.9736,0.001359,0.02406
812,100,100,1,0.0003457,0.997,0.0004485,0.002037
813,100,100,1,0.0002117,0.9985,0.0001966,0.001005
814,100,100,1,0.001469,0.805,0.002707,0.1906
815,100,100,1,0.000403,0.994,0.0003912,0.005253
816,100,100,1,0.001547,0.9136,0.00231,0.0826
817,100,100,1,5.68e-05,1.0,4.977e-05,0.0001205
818,100,100,1,0.0001565,0.988,0.0002286,0.01186
819,100,100,1,0.0002412,0.998,0.0001448,0.001392
820,100,100,1,0.0003533,0.999,9.87e-05,0.0003169
821,100,100,1,5.835e-05,0.9995,6.3e-05,0.0004547
822,100,100,1,8.68e-05,0.999,5.645e-05,0.000667
823,100,100,1,0.0001545,0.9907,0.0003128,0.00885
824,100,100,1,0.0003533,0.999,0.000253,0.0003028
825,100,100,1,0.000996,0.979,0.001567,0.01825
826,100,2000,0,0.001509,0.4182,0.002903,0.577
827,100,100,1,0.0001897,0.998,0.0001694,0.00138
828,100,100,1,4.5e-05,0.999,5.02e-05,0.0006995
829,100,100,1,7.66e-05,1.0,4.82e-05,0.0001189
830,100,100,1,0.00010985,0.999,9.27e-05,0.000927
831,100,100,1,0.0004294,0.7363,0.001004,0.2622
832,100,100,1,0.0002892,0.9946,0.0001811,0.005013
833,100,100,1,0.002438,0.9834,0.004593,0.009674
834,100,100,1,0.001029,0.9956,0.000873,0.002325
835,100,100,1,5.907e-05,0.9995,2.65e-05,0.0001755
836,100,100,1,0.0001395,0.9995,7.21e-05,0.000175
837,100,100,1,0.0008574,0.9717,0.00109,0.02614
838,100,100,1,0.0001659,0.999,0.0001265,0.0006175
839,100,100,1,0.0008006,0.9985,0.0002395,0.0001917
840,100,100,1,0.00011766,0.9995,0.0002387,0.0002472
841,100,100,1,0.000627,0.9736,0.000736,0.02495
842,100,100,1,6.986e-05,0.9995,4.22e-05,0.0001799
843,100,100,1,0.000506,0.9272,0.000531,0.0718
844,100,100,1,0.00304,0.9604,0.002687,0.0337
845,100,100,1,0.0003603,0.9893,0.0006447,0.00989
846,100,100,1,0.0002801,0.978,0.000414,0.02133
847,100,100,1,5.18e-05,0.9995,4.79e-05,0.0003307
848,100,100,1,0.0006022,0.995,0.0006022,0.003492
849,100,100,1,0.0001721,0.9985,0.0002294,0.0009527
850,100,100,1,3.576e-05,1.0,2.69e-05,9.99e-05
851,100,100,1,0.00109,0.8867,0.001243,0.1111
852,100,100,1,0.00011915,1.0,2.456e-05,3.88e-05
853,100,100,1,0.00010186,0.9976,0.000113,0.00204
854,100,100,1,0.0002214,0.9985,0.0001701,0.00111
855,100,100,1,0.0002435,0.998,0.0002663,0.001549
856,100,100,1,0.00012094,0.9995,0.0001227,0.0002806
857,100,100,1,0.0002968,0.9985,0.0001765,0.000842
858,100,100,1,0.000287,0.999,0.0002708,0.0006423
859,100,100,1,0.0001254,0.999,0.0002172,0.0007234
860,100,100,1,0.0001385,0.9985,0.0001364,0.001252
861,100,100,1,0.000605,0.99,0.000855,0.00852
862,100,100,1,4.83e-05,0.9995,5.656e-05,0.0003574
863,100,100,1,0.001752,0.9976,0.00027,0.0003219
864,100,100,1,5.287e-05,0.9995,3.16e-05,0.0002062
865,100,100,1,0.001101,0.9985,0.0001769,0.0002735
866,100,100,1,0.000614,0.9897,0.000607,0.008934
867,100,100,1,0.0002376,0.951,0.0002866,0.0482
868,100,100,1,0.003622,0.988,0.00104,0.00777
869,100,100,1,3.546e-05,0.9995,2.7e-05,0.000587
870,100,100,1,0.0002673,0.9956,0.000292,0.003603
871,100,100,1,0.00010574,0.9995,3.475e-05,0.0001407
872,100,100,1,0.0003178,0.997,0.0004091,0.002201
873,100,100,1,0.0017185,0.998,0.0001717,0.0001144
874,100,100,1,0.000579,0.9985,0.0002816,0.0008225
875,100,100,1,0.003044,0.979,0.001789,0.01614
876,100,100,1,0.002224,0.996,0.0007143,0.001072
877,100,100,1,0.000468,0.991,0.000439,0.00782
878,100,100,1,8.62e-05,0.9985,0.0001351,0.0014
879,100,100,1,0.002996,0.958,0.0049,0.0341
880,100,100,1,0.0002323,0.9956,0.000164,0.00384
881,100,100,1,0.00344,0.9814,0.004147,0.01093
882,100,100,1,4.71e-05,0.9995,3.79e-05,0.0002167
883,100,100,1,0.0001202,0.9995,9.06e-05,0.000451
884,100,100,1,6.29e-05,1.0,3.17e-05,8.14e-05
885,100,100,1,0.003323,0.9883,0.002985,0.005222
886,100,100,1,0.0005136,0.9717,0.000884,0.027
887,100,100,1,0.0002366,0.999,0.0002012,0.0007277
888,100,100,1,0.0003772,0.998,0.0002356,0.001329
889,100,100,1,9.686e-05,0.998,0.0001733,0.001542
890,100,100,1,0.0001775,0.998,0.0001953,0.001443
891,100,100,1,1.943e-05,1.0,2.15e-05,0.0002022
892,100,100,1,0.001071,0.9976,0.0002173,0.000961
893,100,100,1,0.000165,0.999,0.0001614,0.00046
894,100,100,1,0.001491,0.993,0.001365,0.003986
895,100,100,1,0.00022,0.998,0.0002278,0.001724
896,100,100,1,0.0002825,0.9985,0.0001527,0.00125
897,100,100,1,0.0002433,0.997,0.0002367,0.002535
898,100,100,1,0.0004592,0.9956,0.00034,0.003386
899,100,100,1,0.00053,0.975,0.001001,0.02342
900,100,100,1,0.000332,0.998,0.0002668,0.001516
901,100,100,1,0.0002006,0.9995,8.595e-05,0.0002322
902,100,100,1,0.0002475,0.998,0.0003214,0.001254
903,100,100,1,0.000519,0.9946,0.0006914,0.003944
904,100,100,1,0.0003746,0.999,0.000127,0.000306
905,100,100,1,0.001007,0.9956,0.0005736,0.002851
906,100,100,1,0.0001095,0.9995,3.034e-05,0.000152
907,100,100,1,0.0004878,0.9976,0.0003295,0.001726
908,100,100,1,0.000161,0.999,0.0001277,0.0007052
909,100,100,1,0.0004325,0.9863,0.0005946,0.01251
910,100,100,1,0.0003004,0.989,0.0005984,0.01011
911,100,100,1,0.0001938,0.9927,0.0002656,0.006912
912,100,100,1,0.0005317,0.84,0.001193,0.1584
913,100,100,1,0.0001737,0.9956,0.00022,0.003778
914,100,100,1,0.0002522,0.9985,0.0002284,0.001088
915,100,100,1,0.001268,0.7427,0.002165,0.2537
916,100,100,1,9.686e-05,0.998,0.0001527,0.001621
917,100,100,1,0.0002118,0.995,0.0001562,0.004463
918,100,100,1,0.0002084,0.99,0.000247,0.0091
919,100,100,1,0.0001318,0.9995,8.917e-05,0.0002354
920,100,100,1,0.0002756,0.9927,0.0002923,0.00661
921,100,100,1,0.000571,0.9985,0.0002773,0.000504
922,100,100,1,0.0006156,0.9956,0.0003521,0.003433
923,100,2000,0,0.0009217,0.3577,0.001326,0.64
924,100,100,1,0.0009418,0.688,0.001471,0.3096
925,100,100,1,0.0004766,0.998,0.0003726,0.00127
926,100,100,1,7.933e-05,1.0,3.16e-05,7.56e-05
927,100,100,1,9.88e-05,0.9985,0.00011086,0.001409
928,100,100,1,0.0006604,0.9863,0.000705,0.01227
929,100,100,1,0.0008984,0.8105,0.001903,0.1866
930,100,100,1,0.000148,0.998,0.0001256,0.001478
931,100,100,1,0.0005774,0.994,0.0005035,0.004784
932,100,100,1,0.0003345,0.999,0.0001149,0.0002935
933,100,100,1,0.0001729,0.999,9.376e-05,0.000822
934,100,100,1,0.000943,0.9966,0.0005097,0.002121
935,100,100,1,0.000201,0.9976,0.0001258,0.002039
936,100,100,1,7.1e-06,1.0,1.4e-06,4.23e-06
937,100,100,1,0.0001204,0.999,8.553e-05,0.000935
938,100,100,1,0.0001893,0.998,0.00011843,0.00169
939,100,100,1,0.002384,0.9614,0.0027,0.03323
940,100,100,1,0.000515,0.9644,0.000651,0.03442
941,100,100,1,0.002628,0.975,0.00391,0.01825
942,100,100,1,0.0006137,0.9756,0.0009418,0.02274
943,100,2000,0,0.001418,0.299,0.001548,0.698
944,100,100,1,0.0002792,0.998,0.000166,0.001322
945,100,100,1,0.01348,0.9805,0.001331,0.00486
946,100,100,1,0.00911,0.9883,0.000756,0.002007
947,100,100,1,0.006935,0.851,0.004642,0.1376
948,100,100,1,0.000136,0.9995,4.995e-05,0.0003304
949,100,100,1,0.001205,0.9956,0.0004945,0.00247
950,100,100,1,0.00011927,0.999,6.93e-05,0.000835
951,100,100,1,0.0003347,0.996,0.0003188,0.003197
952,100,100,1,0.0009017,0.9854,0.0008984,0.01297
953,100,100,1,0.0001718,0.999,0.0001738,0.000652
954,100,100,1,5.203e-05,0.9995,2.6e-05,0.0001734
955,100,100,1,0.0004823,0.9956,0.0003107,0.003498
956,100,100,1,0.0002487,0.9995,7.34e-05,0.0001401
957,100,100,1,0.000251,0.9663,0.0004528,0.0328
958,100,100,1,0.0003448,0.998,0.000454,0.001216
959,100,100,1,0.0001938,0.998,0.0002007,0.00137
960,100,100,1,4.715e-05,0.996,6.68e-05,0.003738
961,100,100,1,0.0009103,0.8457,0.001016,0.1523
962,100,100,1,0.0001451,0.9995,4.756e-05,0.0002357
963,100,100,1,0.0003016,0.997,0.0004156,0.002182
964,100,100,1,0.000926,0.9443,0.000999,0.0536
965,100,100,1,0.000564,0.9907,0.000563,0.008
966,100,100,1,0.00207,0.991,0.001,0.005806
967,100,100,1,0.0002472,0.996,0.0002204,0.00354
968,100,100,1,0.000435,0.9946,0.00069,0.004326
969,100,2000,0,0.0005565,0.08057,0.001199,0.9175
970,100,100,1,0.001016,0.94,0.001531,0.05762
971,100,100,1,0.001404,0.997,0.000468,0.001219
972,100,100,1,0.0003,0.995,0.0002878,0.00418
973,100,100,1,0.00011957,0.9995,4.405e-05,0.000107
974,100,100,1,0.001674,0.6924,0.001972,0.3037
975,100,100,1,0.0002565,0.9614,0.0003479,0.03818
976,100,100,1,0.00448,0.8926,0.003439,0.0997
977,100,100,1,0.0001715,0.997,0.00024,0.00246
978,100,100,1,0.0006304,0.9883,0.0005164,0.010506
979,100,100,1,0.0001236,0.9995,0.0001526,0.0003047
980,100,100,1,0.00107,0.992,0.000811,0.00594
981,100,100,1,0.000512,0.963,0.000626,0.03622
982,100,100,1,0.001563,0.9917,0.002619,0.004044
983,100,100,1,0.0004613,0.9966,0.0002079,0.002913
984,100,100,1,0.0006585,0.9717,0.001202,0.02635
985,100,2000,0,0.00544,0.267,0.01209,0.7153
986,100,100,1,0.0002713,0.9985,0.0002577,0.0009656
987,100,100,1,0.005928,0.8247,0.003338,0.1658
988,100,100,1,0.001045,0.9653,0.001075,0.0324
989,100,100,1,0.0007534,0.9585,0.000828,0.03976
990,100,100,1,0.0007744,0.991,0.000929,0.007114
991,100,100,1,6.735e-05,1.0,3.195e-05,0.0001161
992,100,100,1,1.54e-05,1.0,1.866e-05,0.0001478
993,100,100,1,0.0007877,0.8984,0.001279,0.09973
994,100,100,1,0.0002428,0.999,9.09e-05,0.0005846
995,100,100,1,0.0002584,0.9966,0.0001348,0.003023
996,100,100,1,9.46e-05,0.9995,0.0001471,0.0003114
997,100,100,1,5.025e-05,0.9995,2.366e-05,0.0001935
998,100,100,1,0.001217,0.948,0.001368,0.0494
999,100,100,1,0.0001249,0.999,0.00011694,0.000742
1000,1500,1500,1,0.2717,0.0017605,0.7256,0.000786
1001,1500,1500,1,0.00335,0.000132,0.9966,6.753e-05
1002,1500,1500,1,0.2489,0.001603,0.7485,0.000774
1003,1500,1500,1,0.00891,0.0002675,0.9907,0.00012034
1004,1500,1500,1,0.0001299,3.064e-05,1.0,1.92e-05
1005,1500,1500,1,0.2161,0.007015,0.775,0.001881
1006,1500,1500,1,0.2942,0.002056,0.7026,0.001
1007,1500,1500,1,0.0004556,8.23e-05,0.9995,4.71e-05
1008,1500,0,0,0.743,0.003502,0.252,0.001566
1009,1500,0,0,0.7183,0.004925,0.274,0.003021
1010,1500,1500,1,0.001882,0.000256,0.9976,9.35e-05
1011,1500,1500,1,0.002306,0.0001502,0.9976,7.04e-05
1012,1500,1500,1,0.0002925,8.06e-05,0.9995,2.95e-05
1013,1500,0,0,0.7554,0.001223,0.2428,0.000701
1014,1500,1500,1,0.004936,9.733e-05,0.995,5.406e-05
1015,1500,0,0,0.955,0.001095,0.04324,0.000572
1016,1500,1500,1,0.0674,0.001841,0.9297,0.001072
1017,1500,1500,1,0.0004468,0.000129,0.999,0.0001646
1018,1500,1500,1,0.01487,0.0003014,0.9844,0.000247
1019,1500,1500,1,0.005375,0.0007095,0.993,0.0007067
1020,1500,1500,1,0.2888,0.001597,0.709,0.0003846
1021,1500,1500,1,0.0004213,8.43e-05,0.9995,3.69e-05
1022,1500,1500,1,0.000285,5.83e-05,0.9995,2.85e-05
1023,1500,1500,1,0.02362,0.001217,0.9727,0.002527
1024,1500,1500,1,0.04156,0.0002338,0.958,0.0001146
1025,1500,1500,1,0.0009046,6.61e-05,0.999,1.454e-05
1026,1500,1500,1,0.007217,0.00011575,0.9927,4.12e-05
1027,1500,1500,1,0.004116,9.08e-05,0.9956,4.345e-05
1028,1500,1500,1,2.66e-05,9.2e-06,1.0,1.29e-05
1029,1500,1500,1,0.0051,9.71e-05,0.9946,2.706e-05
1030,1500,1500,1,0.0004475,0.0001253,0.9995,7.03e-05
1031,1500,1500,1,2.75e-05,6.5e-06,1.0,7.75e-06
1032,1500,1500,1,0.003187,0.000301,0.9966,0.000166
1033,1500,1500,1,1.7e-05,1.097e-05,1.0,7.6e-06
1034,1500,1500,1,1.94e-05,9.3e-06,1.0,1.323e-05
1035,1500,1500,1,0.0009108,6.384e-05,0.999,2.694e-05
1036,1500,1500,1,0.007088,0.000537,0.992,0.0002035
1037,1500,1500,1,0.001745,8.786e-05,0.998,4.35e-05
1038,1500,1500,1,0.003515,8.017e-05,0.9966,3.797e-05
1039,1500,1500,1,0.0001513,1.92e-05,1.0,9.54e-06
1040,1500,1500,1,9.507e-05,2.056e-05,1.0,1.746e-05
1041,1500,1500,1,0.005043,0.00029,0.9946,9e-05
1042,1500,1500,1,0.005325,0.0003006,0.994,0.0002744
1043,1500,1500,1,0.03766,0.0002728,0.962,0.0001206
1044,1500,1500,1,6.443e-05,1.75e-05,1.0,2.4e-05
1045,1500,1500,1,0.000762,4.625e-05,0.999,2.27e-05
1046,1500,1500,1,0.0001417,4.274e-05,1.0,2.605e-05
1047,1500,1500,1,0.00774,0.0002304,0.9917,0.0001948
1048,1500,1500,1,0.0003881,7.52e-05,0.9995,9.567e-05
1049,1500,1500,1,0.01279,0.0007977,0.986,0.000629
1050,1500,1500,1,4.88e-05,1.824e-05,1.0,4.3e-05
1051,1500,1500,1,0.1711,0.001711,0.826,0.0010395
1052,1500,1500,1,0.0002422,4.71e-05,0.9995,3.09e-05
1053,1500,1500,1,0.1854,0.001306,0.8125,0.0007224
1054,1500,1500,1,0.0002037,9.85e-05,0.9995,0.0002025
1055,1500,0,0,0.9795,0.0004122,0.0198,0.0001712
1056,1500,1500,1,0.00011325,3.26e-05,1.0,2.34e-05
1057,1500,1500,1,1.48e-05,9.4e-06,1.0,1.15e-05
1058,1500,1500,1,0.000113,3.8e-05,1.0,2.635e-05
1059,1500,1500,1,0.0002859,7.766e-05,0.9995,8.63e-05
1060,1500,1500,1,0.0006137,0.0001333,0.999,4.876e-05
1061,1500,1500,1,0.0001254,1.854e-05,1.0,7.5e-06
1062,1500,1500,1,0.002802,6.26e-05,0.997,3.076e-05
1063,1500,1500,1,0.0001074,4.51e-05,1.0,4.673e-05
1064,1500,1500,1,0.001851,5.26e-05,0.998,1.687e-05
1065,1500,0,0,0.783,0.001234,0.2153,0.00041
1066,1500,1500,1,0.0002266,8.87e-05,0.9995,0.0001239
1067,1500,1500,1,0.001272,0.0001204,0.9985,7.85e-05
1068,1500,1500,1,0.00333,0.0001309,0.9966,3.05e-05
1069,1500,1500,1,0.1254,0.0005083,0.874,0.0002015
1070,1500,1500,1,0.0002882,7.98e-05,0.9995,0.00011253
1071,1500,1500,1,0.000298,8.154e-05,0.9995,0.0001023
1072,1500,1500,1,0.0156,0.0007095,0.9834,0.0002496
1073,1500,1500,1,0.0001934,5.04e-05,0.9995,8.04e-05
1074,1500,1500,1,0.001779,0.0005536,0.997,0.0006213
1075,1500,1500,1,0.00137,0.0002261,0.998,0.0001475
1076,1500,1500,1,0.003206,0.0002875,0.996,0.0001864
1077,1500,1500,1,0.001341,7.606e-05,0.9985,2.85e-05
1078,1500,1500,1,0.2485,0.0006027,0.7505,0.0001537
1079,1500,1500,1,0.0002675,0.00010926,0.9995,0.0001384
1080,1500,1500,1,3.17e-05,1.14e-05,1.0,4.8e-06
1081,1500,1500,1,0.0005913,0.00012,0.999,0.0001221
1082,1500,0,0,0.933,0.0003223,0.06616,0.0001756
1083,1500,1500,1,0.001541,0.0002697,0.998,6.217e-05
1084,1500,1500,1,0.004963,0.002094,0.988,0.00528
1085,1500,1500,1,0.000303,0.000125,0.9995,5.33e-05
1086,1500,1500,1,0.001507,0.0002187,0.998,8.905e-05
1087,1500,1500,1,0.005108,0.002438,0.9907,0.001957
1088,1500,0,0,0.766,0.0638,0.1493,0.02074
1089,1500,1500,1,0.00267,0.0001237,0.997,7.71e-05
1090,1500,1500,1,4.816e-05,1.66e-05,1.0,1.335e-05
1091,1500,1500,1,0.02196,0.0004606,0.9775,0.0002432
1092,1500,1500,1,0.000146,4.28e-05,1.0,4.053e-05
1093,1500,1500,1,0.0003474,3.79e-05,0.9995,2.2e-05
1094,1500,1500,1,0.3179,0.0008655,0.6807,0.000506
1095,1500,1500,1,0.0006585,0.0001763,0.999,0.0001692
1096,1500,1500,1,0.0354,0.000598,0.964,0.000351
1097,1500,1500,1,0.00166,0.0002257,0.998,0.0001286
1098,1500,1500,1,0.0001527,3.52e-05,1.0,4.584e-05
1099,1500,1500,1,4.363e-05,1.56e-05,1.0,7.57e-06
1100,1500,1500,1,0.01646,0.0002215,0.9834,7.36e-05
1101,1500,1500,1,3.77e-05,1.38e-05,1.0,7.3e-06
1102,1500,1500,1,0.0002085,3.78e-05,0.9995,2.02e-05
1103,1500,1500,1,0.0002885,5.36e-05,0.9995,2.104e-05
1104,1500,1500,1,0.001984,0.0001157,0.998,4.977e-05
1105,1500,1500,1,0.002409,0.0004463,0.9966,0.000569
1106,1500,1500,1,0.000964,0.0001624,0.9985,0.0001176
1107,1500,1500,1,0.2009,0.003128,0.7944,0.001391
1108,1500,1500,1,0.0003643,0.000178,0.9995,0.0001739
1109,1500,1500,1,0.001174,4.625e-05,0.9985,1.86e-05
1110,1500,1500,1,0.0001737,3.26e-05,0.9995,4.81e-05
1111,1500,1500,1,0.3645,0.000579,0.635,0.000387
1112,1500,1500,1,3.994e-05,1.11e-05,1.0,1.09e-05
1113,1500,1500,1,0.0001063,4.125e-05,1.0,1.61e-05
1114,1500,1500,1,0.0008044,9.47e-05,0.999,7.28e-05
1115,1500,1500,1,7.427e-05,3.34e-05,1.0,4.05e-05
1116,1500,1500,1,0.0002851,8.154e-05,0.9995,0.0001512
1117,1500,1500,1,9.13e-05,3.207e-05,1.0,7.97e-05
1118,1500,1500,1,0.0004425,3.844e-05,0.9995,1.53e-05
1119,1500,1500,1,0.1532,0.000562,0.846,0.0003185
1120,1500,1500,1,0.0003736,0.0001061,0.9995,0.0002272
1121,1500,1500,1,4.69e-05,2.694e-05,1.0,5.317e-05
1122,1500,1500,1,6.04e-05,1.997e-05,1.0,1.067e-05
1123,1500,1500,1,0.01439,0.0006075,0.9844,0.0004158
1124,1500,1500,1,0.002537,0.0001303,0.997,9.33e-05
1125,1500,1500,1,0.003275,0.000144,0.9966,0.0001004
1126,1500,1500,1,0.00583,8.464e-05,0.994,3.743e-05
1127,1500,1500,1,7e-05,1.633e-05,1.0,1.33e-05
1128,1500,1500,1,0.03403,0.001234,0.9634,0.001126
1129,1500,1500,1,0.00583,0.000505,0.993,0.000521
1130,1500,1500,1,0.003376,0.000752,0.9956,0.0002387
1131,1500,1500,1,0.00923,0.01959,0.7915,0.1796
1132,1500,1500,1,0.000476,0.0001045,0.9995,3.165e-05
1133,1500,1500,1,0.04996,0.0008097,0.9487,0.0003304
1134,1500,1500,1,0.000251,8.75e-05,0.9995,9.2e-05
1135,1500,1500,1,0.00491,0.0002956,0.9946,8.59e-05
1136,1500,1500,1,0.03583,0.0004199,0.9634,0.0001413
1137,1500,1500,1,0.00167,0.0002737,0.998,0.0002111
1138,1500,1500,1,0.00435,0.000279,0.995,0.0001425
1139,1500,1500,1,0.00059,0.0002997,0.9985,0.000503
1140,1500,1500,1,0.00187,0.0001152,0.998,5.585e-05
1141,1500,1500,1,0.0003183,0.00010467,0.9995,0.0001243
1142,1500,1500,1,0.004353,0.0001436,0.9956,4.02e-05
1143,1500,1500,1,0.004158,0.000426,0.995,0.0002385
1144,1500,1500,1,0.0001804,2.307e-05,1.0,1.1e-05
1145,1500,1500,1,0.003136,0.0001751,0.9966,3.964e-05
1146,1500,1500,1,0.001061,0.00010043,0.999,5.376e-05
1147,1500,1500,1,0.009224,0.00010335,0.9907,6.455e-05
1148,1500,1500,1,0.000608,4.42e-05,0.9995,2.444e-05
1149,1500,1500,1,0.000259,4.03e-05,0.9995,3.18e-05
1150,1500,1500,1,0.003601,0.000979,0.9946,0.0005665
1151,1500,1500,1,0.00113,0.0001566,0.9985,0.0001566
1152,1500,1500,1,0.00617,0.0001401,0.9937,2.97e-05
1153,1500,1500,1,0.00614,0.0002615,0.993,0.0002482
1154,1500,1500,1,0.0003815,4.87e-05,0.9995,2.19e-05
1155,1500,1500,1,0.003443,0.0001327,0.9966,5.674e-05
1156,1500,1500,1,0.000271,6.24e-05,0.9995,5.83e-05
1157,1500,1500,1,0.00673,0.0003421,0.9927,0.000232
1158,1500,1500,1,0.00411,0.0007625,0.995,0.0002028
1159,1500,1500,1,0.001435,0.0001178,0.9985,6.41e-05
1160,1500,1500,1,9.2e-05,2.897e-05,1.0,2.307e-05
1161,1500,1500,1,0.0004013,8.214e-05,0.9995,6.03e-05
1162,1500,1500,1,0.0004692,0.0003476,0.9985,0.0006175
1163,1500,1500,1,0.001902,0.0001726,0.998,8.315e-05
1164,1500,1500,1,0.001323,0.0003428,0.998,0.0002261
1165,1500,0,0,0.608,0.001748,0.3894,0.0007477
1166,1500,1500,1,0.0001649,3.076e-05,1.0,1.36e-05
1167,1500,1500,1,0.0003223,8.28e-05,0.9995,0.0001442
1168,1500,1500,1,0.006233,7.766e-05,0.9937,3.38e-05
1169,1500,1500,1,0.001052,0.0001564,0.9985,6.86e-05
1170,1500,1500,1,0.3015,0.001183,0.697,0.0006976
1171,1500,1500,1,0.003914,0.0001463,0.996,7.963e-05
1172,1500,1500,1,0.07733,0.001504,0.9194,0.001521
1173,1500,1500,1,9.75e-05,3.636e-05,1.0,1.26e-05
1174,1500,1500,1,0.02379,0.002913,0.973,0.0002582
1175,1500,1500,1,0.00583,0.0004618,0.9937,0.0002663
1176,1500,1500,1,0.05893,0.0008407,0.94,0.0002117
1177,1500,1500,1,0.3987,0.001531,0.5996,0.000369
1178,1500,1500,1,0.000538,0.0002385,0.999,0.000356
1179,1500,1500,1,0.0003405,9.68e-05,0.9995,7.55e-05
1180,1500,1500,1,0.0217,0.000532,0.9775,0.0001444
1181,1500,1500,1,5.907e-05,5.186e-05,1.0,5.93e-05
1182,1500,1500,1,0.0001307,3.66e-05,1.0,1.78e-05
1183,1500,1500,1,0.0002046,2.12e-05,1.0,1.746e-05
1184,1500,1500,1,0.001329,8.91e-05,0.9985,2.825e-05
1185,1500,1500,1,0.003237,0.0001247,0.9966,9.12e-05
1186,1500,1500,1,0.0008783,0.0001299,0.999,8.34e-05
1187,1500,1500,1,0.000417,4.81e-05,0.9995,1.69e-05
1188,1500,1500,1,0.0004847,0.0002056,0.999,0.000266
1189,1500,1500,1,0.04416,0.000893,0.9546,0.0002882
1190,1500,1500,1,0.004166,0.0001401,0.9956,6.837e-05
1191,1500,1500,1,0.0453,0.003056,0.949,0.0026
1192,1500,1500,1,7.594e-05,1.454e-05,1.0,8.34e-06
1193,1500,1500,1,0.000463,0.0001195,0.999,0.0002682
1194,1500,1500,1,0.01433,0.0004153,0.985,0.0001789
1195,1500,1500,1,0.001828,0.000113,0.998,7.045e-05
1196,1500,1500,1,0.1119,0.0008025,0.887,0.000207
1197,1500,1500,1,0.001451,4.14e-05,0.9985,3.374e-05
1198,1500,1500,1,0.00083,0.0001993,0.999,0.0001464
1199,1500,1500,1,0.001618,0.0002031,0.998,5.49e-05
1200,1500,1500,1,0.001183,8.91e-05,0.9985,3.74e-05
1201,1500,1500,1,0.0002018,3.415e-05,0.9995,4e-05
1202,1500,1500,1,8.96e-05,1.15e-05,1.0,8.5e-06
1203,1500,1500,1,0.0005884,7.11e-05,0.9995,2.59e-05
1204,1500,1500,1,0.0001335,1.544e-05,1.0,7e-06
1205,1500,1500,1,0.001885,0.0002556,0.9976,0.0003493
1206,1500,1500,1,0.000714,9.847e-05,0.999,0.0002093
1207,1500,1500,1,0.0004008,0.000493,0.996,0.00304
1208,1500,1500,1,0.0007544,0.0001391,0.999,6.51e-05
1209,1500,1500,1,0.0004,0.0003607,0.998,0.001012
1210,1500,1500,1,0.000835,7.85e-05,0.999,5.895e-05
1211,1500,1500,1,0.000369,0.0002401,0.9976,0.00183
1212,1500,1500,1,0.05472,0.001986,0.942,0.001425
1213,1500,1500,1,0.11774,0.000733,0.8813,0.0003357
1214,1500,1500,1,0.0007377,0.0002878,0.999,0.0001502
1215,1500,1500,1,0.0001121,6.485e-05,0.9995,0.0003517
1216,1500,1500,1,0.000495,0.000165,0.999,0.0002844
1217,1500,1500,1,0.0002809,2.42e-05,0.9995,2.07e-05
1218,1500,1500,1,0.004665,0.0001367,0.995,8.95e-05
1219,1500,1500,1,0.00356,0.0003114,0.9956,0.0004036
1220,1500,1500,1,0.001034,8.88e-05,0.999,7.8e-05
1221,1500,1500,1,0.0004005,4.76e-05,0.9995,6.96e-05
1222,1500,1500,1,0.0002823,3.08e-05,0.9995,1.717e-05
1223,1500,1500,1,0.002398,0.000291,0.997,0.000143
1224,1500,1500,1,0.0003898,4.584e-05,0.9995,3.666e-05
1225,1500,1500,1,0.378,0.00091,0.6206,0.0004647
1226,1500,1500,1,0.00296,0.0003335,0.996,0.0004299
1227,1500,1500,1,5.84e-05,1.45e-05,1.0,1.48e-05
1228,1500,1500,1,1.97e-05,6.5e-06,1.0,8.6e-06
1229,1500,1500,1,0.000174,6.4e-05,0.9995,3.6e-05
1230,1500,1500,1,0.01074,0.0003202,0.989,0.0001898
1231,1500,1500,1,0.01645,0.0007725,0.9824,0.0003455
1232,1500,1500,1,0.000539,9.453e-05,0.999,0.0001392
1233,1500,1500,1,0.1174,0.0009375,0.881,0.000605
1234,1500,1500,1,0.0003977,0.00011206,0.999,0.0002238
1235,1500,1500,1,0.007576,0.000739,0.991,0.0006104
1236,1500,1500,1,0.00871,0.000598,0.9897,0.0007453
1237,1500,1500,1,0.01298,0.003513,0.9805,0.002853
1238,1500,1500,1,0.1071,0.002048,0.8896,0.001151
1239,1500,1500,1,0.000419,9.68e-05,0.9995,7.84e-05
1240,1500,1500,1,3.07e-05,1.013e-05,1.0,1.15e-05
1241,1500,1500,1,0.002333,0.0006847,0.9966,0.000495
1242,1500,1500,1,0.0007257,0.0003848,0.9985,0.0004654
1243,1500,1500,1,0.004856,0.0001383,0.995,6.61e-05
1244,1500,1500,1,0.0005436,0.0001097,0.9995,5.08e-05
1245,1500,1500,1,6.67e-05,8.5e-06,1.0,4.53e-06
1246,1500,1500,1,0.0001718,3.874e-05,0.9995,4.125e-05
1247,1500,1500,1,0.0002575,0.0001593,0.9995,0.0002909
1248,1500,0,0,0.862,0.0004954,0.1375,0.000217
1249,1500,1500,1,2.27e-05,1.11e-05,1.0,1.54e-05
1250,1500,1500,1,0.00271,4.66e-05,0.997,1.69e-05
1251,1500,1500,1,0.0002422,6.723e-05,0.9995,3.433e-05
1252,1500,1500,1,7.63e-05,8.1e-06,1.0,2.5e-06
1253,1500,1500,1,0.002546,0.000409,0.9966,0.0002718
1254,1500,1500,1,0.001306,0.0002842,0.998,0.0002937
1255,1500,1500,1,9.2e-05,2.855e-05,1.0,1.28e-05
1256,1500,1500,1,0.0002456,0.0001341,0.9995,0.0002997
1257,1500,1500,1,0.000449,0.00011057,0.9995,0.00011975
1258,1500,1500,1,0.000429,6.384e-05,0.9995,5.144e-05
1259,1500,1500,1,0.00498,0.0002004,0.9946,9.376e-05
1260,1500,1500,1,0.0001279,4.095e-05,1.0,7.266e-05
1261,1500,1500,1,0.0002673,0.0001312,0.9995,0.0001053
1262,1500,1500,1,0.006935,0.0002028,0.9927,0.0001366
1263,1500,1500,1,0.1255,0.001122,0.873,0.0004761
1264,1500,1500,1,0.0007234,0.0001836,0.999,0.00021
1265,1500,1500,1,0.0005746,0.0001262,0.999,0.0001258
1266,1500,1500,1,0.01254,0.0007043,0.9863,0.0005727
1267,1500,1500,1,0.001473,0.000244,0.998,0.0001727
1268,1500,1500,1,0.0269,0.002653,0.9697,0.0007772
1269,1500,1500,1,0.269,0.000566,0.73,0.0002573
1270,1500,1500,1,0.002857,7.25e-05,0.997,3.624e-05
1271,1500,1500,1,0.011566,0.0002288,0.9883,0.0001076
1272,1500,1500,1,0.00253,0.0002747,0.997,9.55e-05
1273,1500,1500,1,0.0015545,0.0003624,0.9976,0.000629
1274,1500,1500,1,0.00809,0.000262,0.9917,0.0001112
1275,1500,1500,1,0.01239,0.0004873,0.987,0.0002625
1276,1500,1500,1,0.00286,0.00024,0.9966,0.0001124
1277,1500,1500,1,0.00434,6.91e-05,0.9956,4.476e-05
1278,1500,1500,1,0.01296,0.0002184,0.987,0.0001377
1279,1500,1500,1,0.003735,0.0002701,0.996,0.0001104
1280,1500,1500,1,0.1648,0.001018,0.834,0.0002644
1281,1500,1500,1,0.00224,0.0003827,0.997,0.0002964
1282,1500,1500,1,0.01694,0.0003388,0.9824,0.0001775
1283,1500,1500,1,0.000669,0.0001051,0.999,7.975e-05
1284,1500,1500,1,2.93e-05,1.055e-05,1.0,9.9e-06
1285,1500,0,0,0.7866,0.00138,0.2114,0.0007877
1286,1500,1500,1,0.000201,3.654e-05,0.9995,5.716e-05
1287,1500,1500,1,0.0007615,7.194e-05,0.999,5.07e-05
1288,1500,1500,1,0.0636,0.0006037,0.9355,0.0002897
1289,1500,1500,1,0.000272,5.966e-05,0.9995,5.347e-05
1290,1500,1500,1,0.003597,0.0003078,0.996,0.0001817
1291,1500,1500,1,0.000287,0.00012016,0.9985,0.0008364
1292,1500,1500,1,0.000308,7.14e-05,0.9995,0.00010973
1293,1500,1500,1,0.04706,0.0014515,0.9507,0.0008926
1294,1500,1500,1,0.000441,9.95e-05,0.9995,4.11e-05
1295,1500,1500,1,0.0002109,9.644e-05,0.9995,0.0002304
1296,1500,1500,1,0.4893,0.004566,0.505,0.001489
1297,1500,1500,1,0.004604,0.001345,0.992,0.002064
1298,1500,1500,1,5.23e-05,1.514e-05,1.0,1.39e-05
1299,1500,1500,1,0.00808,0.0003378,0.991,0.0002382
1300,1500,0,0,0.9937,0.0001276,0.00605,2.18e-05
1301,1500,1500,1,0.003744,0.0001806,0.996,7.313e-05
1302,1500,1500,1,0.002066,0.00011957,0.9976,0.0001003
1303,1500,1500,1,0.0007195,6.104e-05,0.999,4.464e-05
1304,1500,1500,1,0.001013,9.286e-05,0.999,8.243e-05
1305,1500,1500,1,0.00833,0.000508,0.9907,0.000324
1306,1500,1500,1,0.1144,0.001079,0.884,0.0005455
1307,1500,1500,1,0.03036,0.0005636,0.9688,0.0003262
1308,1500,1500,1,0.04892,0.0003712,0.9507,0.0002235
1309,1500,1500,1,0.001722,0.0001996,0.998,0.0001559
1310,1500,1500,1,0.0001804,8e-05,0.9995,5.156e-05
1311,1500,1500,1,3.47e-05,6.8e-06,1.0,9.83e-06
1312,1500,1500,1,0.000602,0.0001367,0.999,0.0001323
1313,1500,1500,1,0.0001919,1.51e-05,1.0,9.66e-06
1314,1500,1500,1,7.61e-05,2.08e-05,1.0,3.463e-05
1315,1500,1500,1,0.0002269,5.88e-05,0.9995,0.00011164
1316,1500,1500,1,0.1288,0.001404,0.8687,0.001261
1317,1500,1500,1,0.04382,0.001577,0.953,0.001285
1318,1500,1500,1,7.74e-05,1.055e-05,1.0,9.24e-06
1319,1500,1500,1,0.001034,8.756e-05,0.999,5.436e-05
1320,1500,1500,1,0.11096,0.0003886,0.8887,0.0001917
1321,1500,1500,1,0.013824,0.0003738,0.986,0.0001287
1322,1500,1500,1,0.0491,0.002272,0.9473,0.001289
1323,1500,1500,1,0.0002716,4.745e-05,0.9995,6.36e-05
1324,1500,1500,1,0.0003264,6.39e-05,0.9995,3.105e-05
1325,1500,1500,1,0.0002735,6.92e-05,0.9995,6.217e-05
1326,1500,1500,1,0.01388,0.000294,0.986,0.0001866
1327,1500,1500,1,0.1061,0.0004752,0.893,0.0002159
1328,1500,1500,1,0.00978,0.001558,0.9883,0.000348
1329,1500,1500,1,0.003963,0.0001039,0.996,7.37e-05
1330,1500,1500,1,0.0008955,6.443e-05,0.999,6.914e-05
1331,1500,1500,1,0.001042,4.46e-05,0.999,2.7e-05
1332,1500,1500,1,3.57e-05,1.866e-05,1.0,2.73e-05
1333,1500,1500,1,0.0007515,8.136e-05,0.999,2.62e-05
1334,1500,1500,1,0.0114,0.0002694,0.9883,0.00010556
1335,1500,1500,1,8.22e-05,1.854e-05,1.0,1.22e-05
1336,1500,1500,1,0.0001562,3.207e-05,1.0,3.06e-05
1337,1500,1500,1,0.00218,0.0002615,0.9976,0.00011075
1338,1500,1500,1,0.0002137,4.52e-05,0.9995,4.15e-05
1339,1500,1500,1,0.1838,0.005207,0.808,0.002712
1340,1500,1500,1,0.00279,0.0002773,0.9966,0.0001626
1341,1500,1500,1,0.0003543,4.13e-05,0.9995,2.176e-05
1342,1500,1500,1,0.001189,5.66e-05,0.9985,2.49e-05
1343,1500,1500,1,0.000729,8.845e-05,0.999,0.0001082
1344,1500,1500,1,0.477,0.001463,0.521,0.000845
1345,1500,1500,1,0.02843,0.000739,0.97,0.0007405
1346,1500,1500,1,0.002134,0.0001609,0.9976,0.0001326
1347,1500,1500,1,0.000807,0.0001758,0.999,0.0002072
1348,1500,1500,1,0.02711,0.001902,0.9697,0.0012665
1349,1500,1500,1,0.1356,0.003454,0.8584,0.002527
1350,1500,1500,1,0.000161,2.587e-05,1.0,1.84e-05
1351,1500,1500,1,0.005802,0.000392,0.9937,0.0002472
1352,1500,1500,1,0.003105,0.0006046,0.9956,0.0007424
1353,1500,0,0,0.888,0.000501,0.1111,0.0001938
1354,1500,1500,1,0.1511,0.0006666,0.8477,0.000458
1355,1500,1500,1,0.05054,0.0004778,0.9487,0.0002124
1356,1500,1500,1,0.08453,0.0007463,0.9146,0.000238
1357,1500,1500,1,0.02112,0.00118,0.9766,0.001196
1358,1500,1500,1,0.02243,0.0002933,0.977,9.73e-05
1359,1500,1500,1,2.605e-05,1.365e-05,1.0,1.89e-05
1360,1500,1500,1,0.0003278,3.75e-05,0.9995,8.4e-06
1361,1500,1500,1,0.379,0.0006967,0.62,0.0003693
1362,1500,1500,1,0.0002182,7.08e-05,0.9995,0.0001332
1363,1500,1500,1,0.0234,0.0004396,0.976,0.0002968
1364,1500,1500,1,0.0001242,1.854e-05,1.0,1.4e-05
1365,1500,1500,1,0.0001107,5e-06,1.0,2.15e-06
1366,1500,1500,1,0.001862,0.0001572,0.998,0.0001017
1367,1500,1500,1,0.001934,0.0001647,0.9976,0.0001308
1368,1500,1500,1,0.001426,8.47e-05,0.9985,5.46e-05
1369,1500,1500,1,0.0001899,0.0001315,0.999,0.0005126
1370,1500,1500,1,0.003056,0.000133,0.9966,6.557e-05
1371,1500,1500,1,0.000924,0.000267,0.9985,0.000381
1372,1500,1500,1,0.248,0.005585,0.744,0.002186
1373,1500,1500,1,0.003372,0.00011736,0.9966,5.61e-05
1374,1500,1500,1,0.00446,0.0004017,0.9946,0.000326
1375,1500,1500,1,0.0003977,7.07e-05,0.9995,7.48e-05
1376,1500,1500,1,0.0011215,6.163e-05,0.999,3.06e-05
1377,1500,1500,1,0.001104,0.000271,0.998,0.0003693
1378,1500,1500,1,0.0006895,4.68e-05,0.999,2.825e-05
1379,1500,1500,1,0.0006495,0.0003343,0.998,0.000824
1380,1500,1500,1,0.01636,0.000245,0.9834,0.0001008
1381,1500,1500,1,0.0625,0.00141,0.9355,0.000593
1382,1500,1500,1,0.0002153,1.967e-05,0.9995,2.146e-05
1383,1500,1500,1,0.0003111,5.376e-05,0.9995,4.06e-05
1384,1500,1500,1,0.00015,4.786e-05,0.9995,4.89e-05
1385,1500,1500,1,0.0002172,2.27e-05,0.9995,2.587e-05
1386,1500,1500,1,0.0001056,1.186e-05,1.0,7.4e-06
1387,1500,1500,1,0.001645,0.0001019,0.998,4.613e-05
1388,1500,1500,1,0.01255,0.000493,0.987,0.0003488
1389,1500,1500,1,0.001259,4.29e-05,0.9985,3.76e-05
1390,1500,1500,1,0.0002053,0.0001132,0.9995,0.000327
1391,1500,1500,1,0.0004473,6.8e-05,0.9995,2.92e-05
1392,1500,1500,1,0.0001644,2.307e-05,1.0,2.01e-05
1393,1500,1500,1,0.0001845,3.046e-05,1.0,1.32e-05
1394,1500,1500,1,0.0009,0.0002968,0.9985,0.0003178
1395,1500,1500,1,0.0001988,2.915e-05,0.9995,1.92e-05
1396,1500,1500,1,0.0008235,0.0002263,0.9985,0.000337
1397,1500,1500,1,0.01645,0.0006366,0.9824,0.0005155
1398,1500,1500,1,0.001708,0.0001066,0.998,8.94e-05
1399,1500,1500,1,0.0002599,0.000224,0.9985,0.0008955
1400,1500,1500,1,0.023,0.004955,0.9644,0.007553
1401,1500,1500,1,0.003418,0.0002697,0.996,8.77e-05
1402,1500,1500,1,0.0003664,0.001714,0.987,0.01134
1403,1500,1500,1,0.0001937,2.31e-05,1.0,2.384e-05
1404,1500,1500,1,0.1586,0.000495,0.841,0.000322
1405,1500,1500,1,0.00877,0.001008,0.9893,0.0011835
1406,1500,1500,1,0.004395,0.0002228,0.995,9.215e-05
1407,1500,1500,1,0.003239,0.0003037,0.996,0.000292
1408,1500,1500,1,0.01004,0.0003223,0.9893,0.0002935
1409,1500,1500,1,0.001236,0.0002518,0.998,0.0003316
1410,1500,1500,1,0.00803,0.002361,0.981,0.00879
1411,1500,1500,1,0.007004,0.001314,0.99,0.001276
1412,1500,0,0,0.551,0.007812,0.4363,0.005123
1413,1500,1500,1,0.0116,0.003115,0.9805,0.004826
1414,1500,1500,1,0.000773,0.0001441,0.999,0.0001947
1415,1500,1500,1,0.000834,0.000249,0.9985,0.0002009
1416,1500,1500,1,0.001077,0.001132,0.996,0.001934
1417,1500,1500,1,0.000166,6.866e-05,0.9995,0.0001308
1418,1500,1500,1,0.0001267,4.1e-05,1.0,3.43e-05
1419,1500,1500,1,0.002296,0.0001646,0.9976,8.297e-05
1420,1500,1500,1,0.006504,0.000333,0.993,0.0001909
1421,1500,1500,1,0.003738,0.0001475,0.996,8.833e-05
1422,1500,1500,1,0.001404,0.0003083,0.9976,0.0005474
1423,1500,1500,1,7.033e-05,1.913e-05,1.0,1.43e-05
1424,1500,1500,1,0.0002328,1.78e-05,0.9995,7.6e-06
1425,1500,1500,1,0.000799,7.35e-05,0.999,2.56e-05
1426,1500,1500,1,0.002531,0.00010484,0.9976,4.953e-05
1427,1500,1500,1,0.000639,0.0002549,0.9985,0.0004833
1428,1500,1500,1,0.0565,0.00207,0.9404,0.001026
1429,1500,1500,1,4.244e-05,1.01e-05,1.0,7.4e-06
1430,1500,1500,1,0.00862,0.0002245,0.991,8.88e-05
1431,1500,1500,1,0.006905,0.0002218,0.9927,0.0001129
1432,1500,1500,1,0.004787,0.00395,0.9824,0.0088
1433,1500,1500,1,0.0004773,5.794e-05,0.9995,3.344e-05
1434,1500,1500,1,0.000207,6.866e-05,0.9995,7.15e-05
1435,1500,1500,1,0.0004244,0.0001577,0.999,0.000347
1436,1500,1500,1,0.001195,5.555e-05,0.9985,2.193e-05
1437,1500,1500,1,0.001128,9.376e-05,0.9985,4.834e-05
1438,1500,1500,1,0.0011,7.8e-05,0.999,3.8e-05
1439,1500,1500,1,0.003994,0.0001934,0.9956,6.12e-05
1440,1500,1500,1,0.000907,0.0001351,0.999,8.44e-05
1441,1500,1500,1,0.431,0.006165,0.558,0.004467
1442,1500,1500,1,0.000719,0.000301,0.9985,0.0004516
1443,1500,1500,1,0.0004604,6.586e-05,0.9995,8.01e-05
1444,1500,1500,1,0.005844,0.0001187,0.994,8.297e-05
1445,1500,1500,1,9.423e-05,2.456e-05,1.0,5.94e-05
1446,1500,1500,1,0.0001343,4.55e-05,1.0,3.71e-05
1447,1500,1500,1,0.000373,0.0001798,0.999,0.0004466
1448,1500,1500,1,0.0128,0.0001773,0.987,0.0001289
1449,1500,1500,1,0.001336,7.415e-05,0.9985,6.896e-05
1450,1500,1500,1,0.0002422,2.384e-05,0.9995,1.26e-05
1451,1500,1500,1,0.001626,6.87e-05,0.998,5.08e-05
1452,1500,1500,1,0.0878,0.0006175,0.911,0.000623
1453,1500,1500,1,0.00101,0.0002162,0.9985,0.0002782
1454,1500,1500,1,6.19e-05,4.4e-05,1.0,0.0001342
1455,1500,1500,1,3.1e-05,6.8e-06,1.0,1.323e-05
1456,1500,1500,1,0.00159,0.00016,0.998,9.334e-05
1457,1500,1500,1,0.0005326,8.845e-05,0.9995,8.9e-05
1458,1500,1500,1,0.012474,0.0002033,0.9873,8.79e-05
1459,1500,1500,1,0.0006156,7.266e-05,0.999,5.174e-05
1460,1500,1500,1,0.001332,0.0002875,0.998,0.0003786
1461,1500,1500,1,0.0722,0.001921,0.924,0.001899
1462,1500,1500,1,0.0007496,0.00082,0.9956,0.002697
1463,1500,1500,1,0.0003667,1.23e-05,0.9995,8.64e-06
1464,1500,1500,1,0.0659,0.000984,0.9326,0.000627
1465,1500,1500,1,0.03125,0.001043,0.9673,0.0004833
1466,1500,1500,1,0.0007267,0.0001884,0.999,0.0002385
1467,1500,1500,1,0.001064,0.0001346,0.9985,9.88e-05
1468,1500,1500,1,4.524e-05,1.675e-05,1.0,2.104e-05
1469,1500,1500,1,0.002413,0.000213,0.997,0.00011164
1470,1500,1500,1,0.001727,0.0002434,0.9976,0.0002278
1471,1500,1500,1,0.000128,6.616e-05,0.9995,0.0002253
1472,1500,1500,1,0.0092,0.000387,0.99,0.00017
1473,1500,1500,1,0.2476,0.00584,0.7427,0.003727
1474,1500,1500,1,0.001156,0.0002393,0.998,0.0005155
1475,1500,1500,1,0.1625,0.00417,0.829,0.00398
1476,1500,1500,1,0.11847,0.0005674,0.881,0.0002723
1477,1500,1500,1,0.00188,0.000405,0.997,0.0007415
1478,1500,1500,1,0.2864,0.003086,0.708,0.002275
1479,1500,1500,1,0.002106,0.0001994,0.9976,0.0001496
1480,1500,1500,1,0.00062,0.000154,0.999,0.0002446
1481,1500,1500,1,0.001026,0.0001662,0.9985,0.0001864
1482,1500,1500,1,0.002676,6.08e-05,0.997,3.57e-05
1483,1500,1500,1,0.000818,8.95e-05,0.999,7.61e-05
1484,1500,1500,1,0.000384,0.0001193,0.9995,0.0001367
1485,1500,1500,1,0.2448,0.002571,0.752,0.000942
1486,1500,1500,1,0.001914,0.000644,0.9966,0.0009756
1487,1500,1500,1,0.1598,0.000673,0.839,0.0004056
1488,1500,1500,1,0.00202,0.0003493,0.997,0.000505
1489,1500,1500,1,0.005,9.58e-05,0.9946,4.953e-05
1490,1500,1500,1,0.0001222,3.505e-05,1.0,6.25e-05
1491,1500,1500,1,0.000414,0.0001125,0.999,0.000235
1492,1500,1500,1,0.001063,7.445e-05,0.999,5.066e-05
1493,1500,1500,1,0.001786,0.0002034,0.998,0.0001723
1494,1500,1500,1,0.1051,0.0006666,0.894,0.0004213
1495,1500,1500,1,0.000212,6.19e-05,0.9995,1.96e-05
1496,1500,1500,1,0.0002513,5.15e-05,0.9995,6.026e-05
1497,1500,1500,1,8.315e-05,3.487e-05,1.0,5.245e-05
1498,1500,1500,1,0.001026,0.0002513,0.9985,8.017e-05
1499,1500,1500,1,0.002134,0.0001485,0.9976,0.0001584
1500,2000,2000,1,4.39e-05,0.002823,0.0001947,0.997
1501,2000,2000,1,4.387e-05,0.00265,0.0001235,0.997
1502,2000,2000,1,9.95e-06,0.0003395,0.00012004,0.9995
1503,2000,2000,1,7.1e-06,0.0002775,3.52e-05,0.9995
1504,2000,2000,1,1.85e-06,0.0001544,1.645e-05,1.0
1505,2000,2000,1,1.8e-06,0.0003397,9.24e-06,0.9995
1506,2000,2000,1,6.6e-06,0.0002222,4.035e-05,0.9995
1507,2000,2000,1,0.0002035,0.011055,0.00049,0.9883
1508,2000,2000,1,8.67e-05,0.002,0.000737,0.997
1509,2000,2000,1,6.21e-05,0.0019245,0.0006804,0.9976
1510,2000,2000,1,8.297e-05,0.004333,0.0002534,0.995
1511,2000,2000,1,1.5e-05,0.000277,0.0002432,0.9995
1512,2000,2000,1,0.000259,0.02524,0.0004373,0.974
1513,2000,2000,1,0.0004554,0.0675,0.000726,0.931
1514,2000,2000,1,6.6e-06,0.0005445,2.813e-05,0.9995
1515,2000,2000,1,9.49e-05,0.000904,0.001706,0.997
1516,2000,2000,1,4.5e-05,0.002367,0.0001076,0.9976
1517,2000,2000,1,1.85e-06,0.0001184,1.89e-05,1.0
1518,2000,2000,1,1.067e-05,0.001588,4.5e-05,0.9985
1519,2000,2000,1,9e-06,0.0002613,8.65e-05,0.9995
1520,2000,2000,1,2.277e-05,0.00292,5.364e-05,0.997
1521,2000,2000,1,0.001194,0.26,0.004185,0.735
1522,2000,2000,1,8.386e-05,0.003895,0.001132,0.995
1523,2000,2000,1,7e-07,3.95e-05,7.683e-05,1.0
1524,2000,2000,1,8.845e-05,0.006493,0.0003483,0.993
1525,2000,2000,1,7.75e-06,0.001052,3.35e-05,0.999
1526,2000,2000,1,3.684e-05,0.002369,9.91e-05,0.9976
1527,2000,2000,1,3.64e-06,0.000657,2.67e-05,0.9995
1528,2000,2000,1,2.3e-06,0.0003626,1.67e-05,0.9995
1529,2000,2000,1,5.54e-06,0.0005126,4.82e-05,0.9995
1530,2000,2000,1,5.8e-06,0.0004718,3.16e-05,0.9995
1531,2000,2000,1,2.1e-06,8.106e-05,2.65e-05,1.0
1532,2000,2000,1,0.0001087,0.00489,0.0006237,0.994
1533,2000,2000,1,4.65e-06,0.0002416,3.36e-05,0.9995
1534,2000,2000,1,0.0003128,0.2231,0.000709,0.776
1535,2000,2000,1,5.2e-06,0.0001503,2.563e-05,1.0
1536,2000,2000,1,3.05e-05,0.001773,8.33e-05,0.998
1537,2000,2000,1,5.25e-06,0.0002797,2.59e-05,0.9995
1538,2000,2000,1,1.31e-05,0.0003953,0.0002224,0.9995
1539,2000,2000,1,2.193e-05,0.0007086,0.000135,0.999
1540,2000,2000,1,4e-07,2.18e-05,9.83e-06,1.0
1541,2000,2000,1,0.001047,0.4243,0.00488,0.57
1542,2000,2000,1,7.54e-05,0.00834,0.0001285,0.9917
1543,2000,2000,1,1.633e-05,0.001662,3.09e-05,0.998
1544,2000,2000,1,6.926e-05,0.00293,0.000477,0.9966
1545,2000,2000,1,1.365e-05,0.000418,0.0001832,0.9995
1546,2000,2000,1,9.5e-07,6.14e-05,7.57e-06,1.0
1547,2000,2000,1,0.0002525,0.1656,0.000951,0.833
1548,2000,2000,1,2.15e-06,0.0001293,2.354e-05,1.0
1549,2000,2000,1,1.246e-05,0.00055,9.85e-05,0.9995
1550,2000,2000,1,7.254e-05,0.007236,0.0003061,0.992
1551,2000,2000,1,8.18e-05,0.012955,0.0003014,0.987
1552,2000,2000,1,3.89e-05,0.001629,0.00010115,0.998
1553,2000,2000,1,0.0005465,0.015015,0.002499,0.982
1554,2000,100,0,0.003395,0.77,0.004684,0.222
1555,2000,2000,1,6.825e-05,0.00239,0.0002823,0.997
1556,2000,2000,1,1.97e-06,9.96e-05,1.54e-05,1.0
1557,2000,2000,1,2.1e-06,0.0002506,8.4e-06,0.9995
1558,2000,2000,1,6.14e-06,0.000253,0.0001036,0.9995
1559,2000,2000,1,1.734e-05,0.0008,0.0001114,0.999
1560,2000,2000,1,1.42e-05,0.0009174,4.48e-05,0.999
1561,2000,2000,1,0.0001075,0.002302,0.0004694,0.997
1562,2000,2000,1,0.001292,0.0871,0.003809,0.9077
1563,2000,2000,1,1.5e-06,6.84e-05,1.42e-05,1.0
1564,2000,2000,1,0.0003088,0.1497,0.0006022,0.8496
1565,2000,100,0,0.003191,0.8154,0.003805,0.1777
1566,2000,2000,1,9.93e-05,0.003944,0.0002337,0.9956
1567,2000,2000,1,4.1e-06,0.0001702,4.1e-05,1.0
1568,2000,2000,1,6.2e-06,0.0003943,5e-05,0.9995
1569,2000,2000,1,5.4e-07,6.29e-05,5.54e-06,1.0
1570,2000,2000,1,0.000226,0.01116,0.000473,0.9883
1571,2000,2000,1,0.0001095,0.00407,0.0001963,0.9956
1572,2000,2000,1,0.0006943,0.05295,0.002386,0.944
1573,2000,2000,1,1.15e-05,0.0003192,8.076e-05,0.9995
1574,2000,2000,1,2.706e-05,0.001464,9.996e-05,0.9985
1575,2000,2000,1,1e-06,6.55e-05,1.01e-05,1.0
1576,2000,2000,1,2.766e-05,0.002655,6.36e-05,0.997
1577,2000,2000,1,1.6e-06,0.0001371,1.77e-05,1.0
1578,2000,2000,1,6e-06,0.0001917,4.804e-05,0.9995
1579,2000,2000,1,1.5e-06,9.03e-05,1.97e-05,1.0
1580,2000,2000,1,0.00293,0.2473,0.00566,0.744
1581,2000,2000,1,4.52e-05,0.0078,0.0003283,0.9917
1582,2000,2000,1,0.0002654,0.04483,0.0007634,0.954
1583,2000,2000,1,2.1e-06,0.0002283,1.03e-05,1.0
1584,2000,2000,1,3.624e-05,0.001227,0.0001002,0.9985
1585,2000,2000,1,0.0001228,0.01602,0.000291,0.9834
1586,2000,2000,1,2.736e-05,0.0010805,0.0001501,0.9985
1587,2000,2000,1,1.85e-06,0.0001546,9.66e-06,1.0
1588,2000,2000,1,0.0002673,0.03021,0.0009093,0.9688
1589,2000,2000,1,1.41e-05,0.005295,5.81e-05,0.9946
1590,2000,2000,1,8.46e-06,0.0007033,5.305e-05,0.999
1591,2000,2000,1,2.9e-06,0.0001211,6.54e-05,1.0
1592,2000,2000,1,4e-07,4.184e-05,6.14e-06,1.0
1593,2000,2000,1,4.22e-05,0.001911,0.0001446,0.998
1594,2000,2000,1,9.465e-05,0.003136,0.0002854,0.9966
1595,2000,2000,1,0.000459,0.2018,0.001333,0.7964
1596,2000,2000,1,2.086e-05,0.000823,7.38e-05,0.999
1597,2000,2000,1,1e-07,1.7e-05,1.7e-06,1.0
1598,2000,2000,1,4.23e-06,0.000363,2.337e-05,0.9995
1599,2000,2000,1,2.09e-05,0.0008454,5.6e-05,0.999
1600,2000,2000,1,3.09e-05,0.00114,0.0001954,0.9985
1601,2000,2000,1,6.16e-05,0.00177,0.0002099,0.998
1602,2000,2000,1,9.894e-05,0.007515,0.0003006,0.992
1603,2000,2000,1,0.001896,0.2369,0.003704,0.7573
1604,2000,2000,1,6.6e-07,8.976e-05,3.34e-06,1.0
1605,2000,2000,1,3.046e-05,0.001299,0.0001197,0.9985
1606,2000,2000,1,5.1e-06,0.0001662,8.696e-05,0.9995
1607,2000,2000,1,4.9e-06,0.00055,1.49e-05,0.9995
1608,2000,2000,1,0.000216,0.005478,0.000721,0.9937
1609,2000,2000,1,2.86e-06,0.000157,2.235e-05,1.0
1610,2000,100,0,0.000791,0.57,0.002249,0.427
1611,2000,2000,1,0.0007844,0.013626,0.001232,0.9844
1612,2000,2000,1,1.1e-05,0.000561,6.425e-05,0.9995
1613,2000,2000,1,1.94e-05,0.0005574,0.00011075,0.9995
1614,2000,2000,1,3e-06,0.0002419,4.566e-05,0.9995
1615,2000,2000,1,0.0003552,0.1499,0.000647,0.849
1616,2000,2000,1,0.000762,0.05188,0.002302,0.945
1617,2000,2000,1,1.943e-05,0.0005517,0.0003684,0.999
1618,2000,2000,1,5.96e-06,0.0002966,3.52e-05,0.9995
1619,2000,100,0,0.00165,0.825,0.002516,0.1705
1620,2000,2000,1,3.64e-05,0.001215,0.0001537,0.9985
1621,2000,2000,1,9.537e-05,0.005157,0.0002944,0.9946
1622,2000,2000,1,1.425e-05,0.0007854,7.945e-05,0.999
1623,2000,2000,1,0.003613,0.3914,0.006866,0.598
1624,2000,2000,1,1.67e-06,6.205e-05,2.09e-05,1.0
1625,2000,2000,1,0.0001039,0.01149,0.0002314,0.9883
1626,2000,2000,1,4.935e-05,0.003616,0.0001438,0.996
1627,2000,2000,1,8.31e-05,0.004547,0.0005755,0.9946
1628,2000,2000,1,5.25e-06,0.0005074,2.503e-05,0.9995
1629,2000,2000,1,2.74e-06,0.0002097,3.02e-05,1.0
1630,2000,2000,1,5.07e-06,0.000296,5.44e-05,0.9995
1631,2000,100,0,0.0005946,0.9414,0.000632,0.05746
1632,2000,2000,1,1.186e-05,0.000301,0.0001446,0.9995
1633,2000,2000,1,2e-05,0.0004435,0.0001547,0.9995
1634,2000,2000,1,5.4e-06,0.0003316,2.563e-05,0.9995
1635,2000,2000,1,2.74e-06,0.0004582,1.1e-05,0.9995
1636,2000,2000,1,3e-07,1.7e-05,1.246e-05,1.0
1637,2000,2000,1,0.00012016,0.02003,0.000326,0.9795
1638,2000,2000,1,1.6e-06,0.0001498,9.06e-06,1.0
1639,2000,2000,1,4.1e-06,0.0001644,8.96e-05,0.9995
1640,2000,2000,1,4.3e-05,0.001662,0.0001916,0.998
1641,2000,2000,1,0.0001767,0.00968,0.000386,0.9897
1642,2000,2000,1,1.06e-05,0.00052,7.904e-05,0.9995
1643,2000,2000,1,4.214e-05,0.003614,0.0001019,0.996
1644,2000,2000,1,1.4e-06,0.000106,1.25e-05,1.0
1645,2000,2000,1,7.75e-06,0.0002272,6.25e-05,0.9995
1646,2000,2000,1,2.1e-06,7.975e-05,5.01e-05,1.0
1647,2000,2000,1,3.5e-05,0.00272,8.166e-05,0.997
1648,2000,2000,1,0.0003004,0.02144,0.0004888,0.9775
1649,2000,2000,1,1.52e-05,0.000909,4.24e-05,0.999
1650,2000,2000,1,0.0001286,0.0223,0.0004668,0.977
1651,2000,2000,1,0.0002248,0.0812,0.000571,0.918
1652,2000,2000,1,8.076e-05,0.003494,0.0004466,0.996
1653,2000,2000,1,1.1e-06,8.27e-05,1.115e-05,1.0
1654,2000,2000,1,8.5e-06,0.0003521,4.107e-05,0.9995
1655,2000,2000,1,2.26e-05,0.00227,6.17e-05,0.9976
1656,2000,2000,1,2.9e-06,0.0001219,2.91e-05,1.0
1657,2000,2000,1,9.5e-07,7.766e-05,1.8e-05,1.0
1658,2000,2000,1,2.766e-05,0.0009537,0.0001917,0.999
1659,2000,2000,1,1.43e-06,0.0001974,9.5e-06,1.0
1660,2000,2000,1,0.001688,0.1415,0.00256,0.854
1661,2000,2000,1,6e-08,9.4e-06,1.4e-06,1.0
1662,2000,2000,1,1.19e-05,0.001707,6.646e-05,0.998
1663,2000,2000,1,9.95e-06,0.0009546,3.28e-05,0.999
1664,2000,2000,1,4.756e-05,0.006184,0.0001108,0.9937
1665,2000,2000,1,1.085e-05,0.000379,9.775e-05,0.9995
1666,2000,2000,1,3.46e-06,0.0001668,2.635e-05,1.0
1667,2000,2000,1,8.9e-06,0.000786,2.414e-05,0.999
1668,2000,2000,1,0.000678,0.075,0.002445,0.922
1669,2000,2000,1,0.00112,0.305,0.002422,0.6914
1670,2000,2000,1,8.31e-05,0.04248,0.0001998,0.957
1671,2000,2000,1,1.085e-05,0.0005727,0.0002264,0.999
1672,2000,2000,1,4e-07,4.91e-05,8.2e-06,1.0
1673,2000,2000,1,6.63e-05,0.00413,0.0002095,0.9956
1674,2000,2000,1,2.34e-05,0.00554,5.66e-05,0.994
1675,2000,2000,1,0.0001844,0.00945,0.0004592,0.9897
1676,2000,2000,1,0.000269,0.010574,0.000952,0.9883
1677,2000,2000,1,6.6e-06,0.0003023,7.66e-05,0.9995
1678,2000,2000,1,5.4e-06,0.0003724,2.736e-05,0.9995
1679,2000,2000,1,8.55e-05,0.011765,0.0001737,0.988
1680,2000,2000,1,8e-07,9.4e-05,4.77e-06,1.0
1681,2000,2000,1,0.000162,0.004356,0.000366,0.995
1682,2000,2000,1,3.827e-05,0.001499,0.0001744,0.998
1683,2000,2000,1,3.79e-05,0.00188,9.876e-05,0.998
1684,2000,2000,1,0.0001953,0.08716,0.0005727,0.912
1685,2000,2000,1,0.000607,0.00599,0.001535,0.9917
1686,2000,2000,1,8e-07,6.33e-05,8.8e-06,1.0
1687,2000,2000,1,1.75e-05,0.0009637,5.91e-05,0.999
1688,2000,2000,1,2.4e-07,5.64e-05,1.5e-06,1.0
1689,2000,2000,1,2.76e-05,0.00925,6.455e-05,0.9907
1690,2000,2000,1,2.85e-05,0.02019,0.0001425,0.9795
1691,2000,2000,1,0.0003588,0.2191,0.0007963,0.78
1692,2000,2000,1,1.14e-05,0.002636,2.99e-05,0.9976
1693,2000,2000,1,4.4e-06,0.0001665,6.46e-05,1.0
1694,2000,2000,1,0.0001916,0.010635,0.000654,0.9883
1695,2000,100,0,0.003288,0.7114,0.01056,0.275
1696,2000,2000,1,5.1e-06,0.0006747,2.05e-05,0.9995
1697,2000,2000,1,0.0001909,0.1617,0.0005097,0.8374
1698,2000,2000,1,2.235e-05,0.001445,0.0001388,0.9985
1699,2000,2000,1,4.53e-06,0.0002142,6.4e-05,0.9995
1700,2000,2000,1,8.34e-06,0.0007343,3.73e-05,0.999
1701,2000,2000,1,0.0001805,0.02495,0.0003626,0.9746
1702,2000,2000,1,5.966e-05,0.0008817,0.001365,0.9976
1703,2000,2000,1,2.74e-06,8.34e-05,2.164e-05,1.0
1704,2000,2000,1,0.0002074,0.2145,0.0007167,0.7847
1705,2000,2000,1,7e-06,0.0007596,5.04e-05,0.999
1706,2000,2000,1,0.0003343,0.0861,0.0008636,0.9126
1707,2000,2000,1,0.0004406,0.1203,0.0006948,0.8784
1708,2000,2000,1,1.28e-05,0.001352,4.04e-05,0.9985
1709,2000,2000,1,6.497e-05,0.001028,0.0002923,0.9985
1710,2000,2000,1,0.0004709,0.4126,0.000767,0.5864
1711,2000,2000,1,3.5e-06,0.000288,1.156e-05,0.9995
1712,2000,2000,1,8.3e-07,3.344e-05,1.18e-05,1.0
1713,2000,2000,1,2.9e-06,0.000147,2.915e-05,1.0
1714,2000,2000,1,0.0003183,0.11383,0.001737,0.8843
1715,2000,2000,1,0.0001428,0.012695,0.0007844,0.9863
1716,2000,2000,1,1.67e-06,0.0001049,1.734e-05,1.0
1717,2000,2000,1,0.0001473,0.005524,0.0002685,0.994
1718,2000,2000,1,5.6e-06,0.0003073,3.53e-05,0.9995
1719,2000,2000,1,1.85e-05,0.001072,5.645e-05,0.999
1720,2000,2000,1,1.496e-05,0.0004394,7.67e-05,0.9995
1721,2000,2000,1,5e-07,2.99e-05,4.53e-06,1.0
1722,2000,2000,1,2.31e-05,0.001439,7.43e-05,0.9985
1723,2000,2000,1,3.8e-06,0.0003147,3.26e-05,0.9995
1724,2000,2000,1,9.06e-06,0.000612,6.264e-05,0.9995
1725,2000,2000,1,5e-07,4.71e-05,2.7e-06,1.0
1726,2000,2000,1,6.2e-06,0.000708,2.486e-05,0.999
1727,2000,2000,1,4e-06,0.0001267,4.095e-05,1.0
1728,2000,2000,1,1.36e-05,0.0005693,7.84e-05,0.9995
1729,2000,2000,1,0.0002694,0.08716,0.0007467,0.9116
1730,2000,2000,1,2.74e-06,0.000352,1.17e-05,0.9995
1731,2000,2000,1,0.002245,0.1493,0.0432,0.805
1732,2000,100,0,0.000496,0.712,0.001034,0.2866
1733,2000,2000,1,0.0002222,0.02403,0.000507,0.975
1734,2000,2000,1,3.76e-06,0.0001708,6.81e-05,1.0
1735,2000,2000,1,0.0001756,0.006016,0.0008163,0.993
1736,2000,2000,1,0.001753,0.2668,0.003174,0.728
1737,2000,2000,1,1.82e-05,0.0005817,0.0002801,0.999
1738,2000,2000,1,4.1e-06,0.0001653,8.273e-05,0.9995
1739,2000,2000,1,2.027e-05,0.000909,0.0001633,0.999
1740,2000,2000,1,1e-06,6.97e-05,1.12e-05,1.0
1741,2000,2000,1,0.00011826,0.0107,0.0007715,0.9883
1742,2000,2000,1,1.4e-06,0.0001055,1.264e-05,1.0
1743,2000,2000,1,4.53e-06,0.0002139,9.054e-05,0.9995
1744,2000,2000,1,1.824e-05,0.0007124,0.00012,0.999
1745,2000,2000,1,1.52e-05,0.001915,7.296e-05,0.998
1746,2000,2000,1,5.64e-05,0.00729,7.683e-05,0.9927
1747,2000,2000,1,0.0001404,0.02397,0.000358,0.9756
1748,2000,2000,1,5.6e-06,0.0001636,6.67e-05,1.0
1749,2000,2000,1,1.085e-05,0.0004523,5.215e-05,0.9995
1750,2000,2000,1,0.0001041,0.00508,0.0005913,0.994
1751,2000,2000,1,3.94e-05,0.001202,0.0001452,0.9985
1752,2000,2000,1,0.0001738,0.004524,0.0003178,0.995
1753,2000,2000,1,5.3e-06,0.0001762,2.515e-05,1.0
1754,2000,100,0,0.001241,0.855,0.001569,0.1425
1755,2000,2000,1,5.66e-06,0.0004828,3.266e-05,0.9995
1756,2000,2000,1,6.783e-05,0.002811,0.0001487,0.997
1757,2000,2000,1,5e-06,0.000632,1.514e-05,0.9995
1758,2000,2000,1,0.0005946,0.012215,0.00282,0.9844
1759,2000,2000,1,1.13e-06,6.8e-05,1.34e-05,1.0
1760,2000,2000,1,7.6e-06,0.00078,2.635e-05,0.999
1761,2000,2000,1,6.46e-05,0.001804,0.0002573,0.998
1762,2000,2000,1,6.78e-05,0.001023,0.002249,0.9966
1763,2000,2000,1,1.63e-05,0.000676,0.0001363,0.999
1764,2000,100,0,0.00058,0.626,0.000996,0.3723
1765,2000,2000,1,2.61e-05,0.003103,0.0001147,0.9966
1766,2000,2000,1,0.0001887,0.02382,0.0003254,0.9756
1767,2000,2000,1,2.325e-05,0.001235,9.304e-05,0.9985
1768,2000,2000,1,4.1e-06,0.0002756,1.96e-05,0.9995
1769,2000,2000,1,5.57e-05,0.003073,0.0001988,0.9966
1770,2000,2000,1,1.55e-06,0.0001142,2.19e-05,1.0
1771,2000,2000,1,8e-07,4.57e-05,2.88e-05,1.0
1772,2000,2000,1,1.41e-05,0.000787,0.0002011,0.999
1773,2000,2000,1,0.0007815,0.264,0.003656,0.7314
1774,2000,2000,1,1.12e-05,0.0003695,4.935e-05,0.9995
1775,2000,2000,1,2.86e-06,0.000183,1.3e-05,1.0
1776,2000,2000,1,2e-07,1.645e-05,3.6e-06,1.0
1777,2000,2000,1,0.0007334,0.4888,0.001338,0.5093
1778,2000,100,0,0.002087,0.8267,0.003302,0.1678
1779,2000,2000,1,8e-07,5.615e-05,3.564e-05,1.0
1780,2000,2000,1,2.3e-06,0.0001334,2.396e-05,1.0
1781,2000,2000,1,4e-07,3.81e-05,8.05e-06,1.0
1782,2000,2000,1,3.93e-06,0.0002928,1.49e-05,0.9995
1783,2000,2000,1,0.0003743,0.04785,0.001056,0.9507
1784,2000,2000,1,2.8e-06,9.6e-05,6.27e-05,1.0
1785,2000,2000,1,6.1e-06,0.0003994,3.95e-05,0.9995
1786,2000,2000,1,2.044e-05,0.003347,5.084e-05,0.9966
1787,2000,2000,1,7e-07,8.9e-05,4.8e-06,1.0
1788,2000,2000,1,9.5e-07,7.13e-05,7.03e-06,1.0
1789,2000,2000,1,1.74e-05,0.001046,9.966e-05,0.999
1790,2000,2000,1,0.00010884,0.009636,0.000702,0.9897
1791,2000,2000,1,9.1e-06,0.0006294,2.664e-05,0.9995
1792,2000,2000,1,3.29e-05,0.0008183,0.0001962,0.999
1793,2000,2000,1,2e-07,1.4e-05,7.7e-06,1.0
1794,2000,2000,1,4.49e-05,0.001207,0.0002759,0.9985
1795,2000,2000,1,1.43e-06,7.36e-05,2.027e-05,1.0
1796,2000,2000,1,0.0004528,0.04663,0.001646,0.951
1797,2000,2000,1,1.54e-05,0.0005302,4.774e-05,0.9995
1798,2000,2000,1,0.0005684,0.2722,0.00114,0.726
1799,2000,2000,1,2.414e-05,0.001599,0.0001945,0.998
1800,2000,2000,1,1.85e-06,0.0002718,5.3e-06,0.9995
1801,2000,2000,1,6.14e-06,0.000427,2.84e-05,0.9995
1802,2000,2000,1,3.98e-05,0.00144,0.0001291,0.9985
1803,2000,2000,1,7e-07,5.63e-05,1.45e-05,1.0
1804,2000,2000,1,9.46e-05,0.001763,0.0003994,0.9976
1805,2000,2000,1,0.0004964,0.0697,0.001686,0.928
1806,2000,2000,1,4.95e-06,0.000474,1.79e-05,0.9995
1807,2000,2000,1,9.197e-05,0.005005,0.0001589,0.9946
1808,2000,2000,1,2.5e-06,0.0001765,1.25e-05,1.0
1809,2000,2000,1,1.13e-06,9.07e-05,2.813e-05,1.0
1810,2000,2000,1,1.43e-06,9.096e-05,1.186e-05,1.0
1811,2000,2000,1,4e-06,0.0001293,0.000114,0.9995
1812,2000,2000,1,3.04e-05,0.002108,0.0001956,0.9976
1813,2000,2000,1,1.6e-05,0.001059,4.13e-05,0.999
1814,2000,2000,1,9.4e-06,0.000774,2.73e-05,0.999
1815,2000,2000,1,1e-07,1.687e-05,1.6e-06,1.0
1816,2000,2000,1,2.4e-06,0.0001207,1e-05,1.0
1817,2000,2000,1,4.566e-05,0.0041,8e-05,0.9956
1818,2000,2000,1,0.000287,0.03647,0.001096,0.962
1819,2000,2000,1,0.0002369,0.0322,0.000566,0.967
1820,2000,2000,1,1.23e-05,0.0003047,0.0001571,0.9995
1821,2000,2000,1,0.0003362,0.06714,0.0004568,0.932
1822,2000,2000,1,9.3e-06,0.0003884,3.95e-05,0.9995
1823,2000,2000,1,7.516e-05,0.00146,0.0002244,0.998
1824,2000,2000,1,6.14e-06,0.00032,2.05e-05,0.9995
1825,2000,2000,1,1.13e-06,7.88e-05,1.31e-05,1.0
1826,2000,2000,1,9.8e-06,0.0008044,5.02e-05,0.999
1827,2000,2000,1,2e-06,8.166e-05,6.17e-05,1.0
1828,2000,2000,1,5.84e-06,0.000196,8.1e-05,0.9995
1829,2000,2000,1,3e-06,0.0001042,4.584e-05,1.0
1830,2000,2000,1,0.0001292,0.01401,0.0004897,0.9854
1831,2000,100,0,0.002266,0.8394,0.004303,0.1543
1832,2000,2000,1,3.7e-06,0.0001915,2.426e-05,1.0
1833,2000,2000,1,2.81e-05,0.001968,0.0001157,0.998
1834,2000,2000,1,1.955e-05,0.0007315,7.28e-05,0.999
1835,2000,2000,1,1.84e-05,0.000368,0.0001236,0.9995
1836,2000,2000,1,1.45e-05,0.000686,7.66e-05,0.999
1837,2000,2000,1,8.7e-06,0.0006704,2.16e-05,0.9995
1838,2000,2000,1,0.000265,0.01872,0.0005054,0.9805
1839,2000,2000,1,4.65e-06,0.0002221,5.144e-05,0.9995
1840,2000,2000,1,2.605e-05,0.000596,0.0004926,0.999
1841,2000,2000,1,5.01e-05,0.01057,0.0001295,0.9893
1842,2000,2000,1,3.296e-05,0.0013485,8.14e-05,0.9985
1843,2000,2000,1,6.6e-07,5.1e-05,7.15e-06,1.0
1844,2000,2000,1,8.41e-05,0.001624,0.0008755,0.9976
1845,2000,2000,1,7.7e-06,0.000542,2.545e-05,0.9995
1846,2000,2000,1,0.0011215,0.1214,0.001882,0.8755
1847,2000,2000,1,1.1e-06,5.28e-05,6.1e-06,1.0
1848,2000,2000,1,4.63e-05,0.003723,0.0001867,0.996
1849,2000,2000,1,2.65e-05,0.001092,0.0004604,0.9985
1850,2000,2000,1,1.26e-05,0.000778,6.61e-05,0.999
1851,2000,2000,1,2.38e-05,0.002436,8.51e-05,0.9976
1852,2000,2000,1,2.9e-06,0.0001986,1.544e-05,1.0
1853,2000,2000,1,0.000147,0.00785,0.0004432,0.9917
1854,2000,2000,1,3.35e-05,0.003416,7.4e-05,0.9966
1855,2000,2000,1,0.0002037,0.03635,0.0004916,0.963
1856,2000,2000,1,0.000298,0.02144,0.0006113,0.9775
1857,2000,2000,1,5.36e-06,0.0001495,0.0001272,0.9995
1858,2000,2000,1,0.000126,0.00641,0.0003364,0.993
1859,2000,2000,1,5.144e-05,0.01491,0.0001872,0.985
1860,2000,2000,1,0.0006185,0.07117,0.00268,0.926
1861,2000,2000,1,1.46e-05,0.0005565,5.054e-05,0.9995
1862,2000,2000,1,1.38e-05,0.0004926,3.82e-05,0.9995
1863,2000,2000,1,4e-06,0.0004435,2.37e-05,0.9995
1864,2000,2000,1,1.323e-05,0.000383,0.0001419,0.9995
1865,2000,2000,1,0.00010204,0.00817,0.0002203,0.9917
1866,2000,2000,1,5.9e-06,0.0004358,4.935e-05,0.9995
1867,2000,2000,1,0.001951,0.167,0.002884,0.828
1868,2000,2000,1,0.0001761,0.0728,0.0005817,0.9263
1869,2000,2000,1,1.46e-05,0.001376,3.296e-05,0.9985
1870,2000,2000,1,1.13e-06,6.85e-05,3.39e-05,1.0
1871,2000,2000,1,8.3e-07,9.745e-05,6.6e-06,1.0
1872,2000,2000,1,2.784e-05,0.001046,6.175e-05,0.999
1873,2000,2000,1,1.293e-05,0.0004845,0.0001535,0.9995
1874,2000,2000,1,7.57e-06,0.0002294,0.0002534,0.9995
1875,2000,2000,1,2.22e-05,0.0007024,7.48e-05,0.999
1876,2000,2000,1,4.82e-05,0.00238,0.000209,0.9976
1877,2000,2000,1,3.16e-06,0.000133,9.274e-05,1.0
1878,2000,2000,1,0.0002272,0.04974,0.0006423,0.949
1879,2000,2000,1,1.097e-05,0.00071,2.36e-05,0.999
1880,2000,100,0,0.0007453,0.6978,0.00312,0.2983
1881,2000,2000,1,3.72e-05,0.008,0.0002596,0.9917
1882,2000,2000,1,5.555e-05,0.004738,0.0001811,0.995
1883,2000,2000,1,0.0001526,0.01958,0.000615,0.9795
1884,2000,2000,1,3.12e-05,0.003897,0.0001013,0.996
1885,2000,2000,1,4.05e-06,0.0003042,6.11e-05,0.9995
1886,2000,2000,1,2e-06,0.0001781,1.216e-05,1.0
1887,2000,2000,1,8.46e-06,0.000386,0.0001065,0.9995
1888,2000,2000,1,1.69e-05,0.000799,9.584e-05,0.999
1889,2000,2000,1,7.284e-05,0.01124,0.0003433,0.9883
1890,2000,2000,1,0.000136,0.011536,0.000439,0.988
1891,2000,2000,1,2.86e-06,0.0001626,1.42e-05,1.0
1892,2000,2000,1,2.825e-05,0.002218,6.36e-05,0.9976
1893,2000,2000,1,0.00010204,0.0362,0.0006037,0.963
1894,2000,2000,1,2.307e-05,0.0009036,0.0001101,0.999
1895,2000,2000,1,0.0001976,0.01805,0.0007186,0.981
1896,2000,2000,1,0.0001314,0.003239,0.0004997,0.996
1897,2000,2000,1,1.717e-05,0.00227,0.0002156,0.9976
1898,2000,2000,1,1.425e-05,0.001333,3.68e-05,0.9985
1899,2000,2000,1,4.7e-06,0.0002396,3.63e-05,0.9995
1900,2000,2000,1,9.27e-05,0.002834,0.0002944,0.9966
1901,2000,2000,1,3.33e-05,0.00498,7.623e-05,0.995
1902,2000,2000,1,1.2e-06,8.255e-05,8.17e-06,1.0
1903,2000,2000,1,5.27e-05,0.002722,0.0001721,0.997
1904,2000,2000,1,5.1e-06,0.0006065,1.42e-05,0.9995
1905,2000,2000,1,4.53e-06,0.0001938,3.64e-05,1.0
1906,2000,2000,1,8.41e-05,0.003668,0.001161,0.995
1907,2000,2000,1,2.74e-06,0.0001465,1.836e-05,1.0
1908,2000,2000,1,0.000177,0.005512,0.000512,0.9937
1909,2000,2000,1,3e-07,2.35e-05,1.234e-05,1.0
1910,2000,2000,1,6e-07,8.667e-05,2.3e-06,1.0
1911,2000,2000,1,2.813e-05,0.0008645,0.00011075,0.999
1912,2000,2000,1,8.3e-06,0.0003633,5.25e-05,0.9995
1913,2000,2000,1,8e-07,6.04e-05,6e-06,1.0
1914,2000,2000,1,2.6e-06,0.000309,1.81e-05,0.9995
1915,2000,2000,1,5.44e-05,0.002377,0.0001599,0.9976
1916,2000,2000,1,0.001204,0.2676,0.002653,0.7285
1917,2000,2000,1,0.0001854,0.0124,0.0005994,0.987
1918,2000,2000,1,1e-07,1e-05,4.1e-06,1.0
1919,2000,2000,1,3.5e-06,0.0003345,2.43e-05,0.9995
1920,2000,2000,1,4.035e-05,0.004345,0.0001343,0.9956
1921,2000,2000,1,0.0001711,0.0722,0.0003574,0.9272
1922,2000,2000,1,9.5e-07,0.00011563,7.9e-06,1.0
1923,2000,100,0,0.003214,0.589,0.00714,0.401
1924,2000,2000,1,4.5e-06,0.000159,2.34e-05,1.0
1925,2000,2000,1,4.24e-05,0.00295,0.0001413,0.997
1926,2000,2000,1,8.5e-06,0.0007954,3.99e-05,0.999
1927,2000,2000,1,0.0004508,0.0995,0.001138,0.899
1928,2000,100,0,0.000697,0.6265,0.001197,0.3718
1929,2000,2000,1,2.26e-06,0.0001296,2.45e-05,1.0
1930,2000,2000,1,4.73e-05,0.003008,7.27e-05,0.997
1931,2000,2000,1,4.447e-05,0.0802,6.646e-05,0.92
1932,2000,2000,1,3.5e-06,0.0002496,2.134e-05,0.9995
1933,2000,2000,1,6.264e-05,0.010185,0.000213,0.9897
1934,2000,2000,1,0.000322,0.02539,0.0008388,0.9736
1935,2000,2000,1,1.6e-06,0.0001195,3.88e-05,1.0
1936,2000,2000,1,6.9e-06,0.0007463,4.83e-05,0.999
1937,2000,2000,1,0.001353,0.05356,0.001957,0.9434
1938,2000,2000,1,0.0001118,0.004208,0.0004663,0.995
1939,2000,2000,1,1.85e-06,7.296e-05,2.82e-05,1.0
1940,2000,2000,1,0.0001858,0.00784,0.0003965,0.9917
1941,2000,2000,1,0.0003974,0.04276,0.0009136,0.956
1942,2000,2000,1,7.76e-05,0.006226,0.000307,0.993
1943,2000,2000,1,2.724e-05,0.0004134,0.0003133,0.999
1944,2000,2000,1,3.04e-06,0.0001956,1.884e-05,1.0
1945,2000,2000,1,0.0001069,0.01055,0.0002321,0.9893
1946,2000,2000,1,2.05e-05,0.0005183,0.000303,0.999
1947,2000,2000,1,0.0004792,0.3535,0.0008264,0.645
1948,2000,2000,1,1e-06,6.33e-05,1.09e-05,1.0
1949,2000,2000,1,7.933e-05,0.001793,0.000661,0.9976
1950,2000,2000,1,4.06e-05,0.0006614,0.0004017,0.999
1951,2000,2000,1,3.445e-05,0.001148,0.0007205,0.998
1952,2000,2000,1,1.323e-05,0.000505,6.264e-05,0.9995
1953,2000,2000,1,1.84e-05,0.000661,7.04e-05,0.999
1954,2000,2000,1,0.0001956,0.00573,0.0003238,0.9937
1955,2000,2000,1,3.535e-05,0.001918,0.0002062,0.998
1956,2000,2000,1,4.7e-06,0.0003672,1.8e-05,0.9995
1957,2000,2000,1,5.3e-05,0.00292,0.0001197,0.997
1958,2000,2000,1,6.896e-05,0.001622,0.0002261,0.998
1959,2000,2000,1,1.46e-05,0.0004528,0.0001677,0.9995
1960,2000,2000,1,3.71e-05,0.00128,0.0002613,0.9985
1961,2000,2000,1,9.36e-06,0.000529,3.403e-05,0.9995
1962,2000,2000,1,2.724e-05,0.01932,0.0001503,0.9805
1963,2000,2000,1,2.25e-05,0.001017,7.77e-05,0.999
1964,2000,2000,1,1.1e-06,0.0001056,6.2e-06,1.0
1965,2000,2000,1,7.15e-06,0.00302,0.0001698,0.9966
1966,2000,2000,1,2.706e-05,0.0005245,0.0008683,0.9985
1967,2000,2000,1,3.34e-06,0.0001016,5.59e-05,1.0
1968,2000,2000,1,4e-07,3.564e-05,9.8e-06,1.0
1969,2000,2000,1,1.76e-05,0.000596,0.0001112,0.9995
1970,2000,2000,1,9.984e-05,0.006462,0.0004625,0.993
1971,2000,2000,1,3.03e-05,0.002754,6.044e-05,0.997
1972,2000,2000,1,3.695e-05,0.002686,9.924e-05,0.997
1973,2000,2000,1,3.6e-06,0.0003967,6.93e-05,0.9995
1974,2000,2000,1,1.88e-05,0.001345,0.0001208,0.9985
1975,2000,2000,1,1.75e-05,0.0007534,5.87e-05,0.999
1976,2000,2000,1,8.4e-06,0.000726,3.11e-05,0.999
1977,2000,2000,1,6.6e-07,5.99e-05,9e-06,1.0
1978,2000,2000,1,7.45e-06,0.0007668,2.73e-05,0.999
1979,2000,2000,1,0.00011075,0.01228,0.0002666,0.9873
1980,2000,2000,1,1.7e-06,0.00011176,1.36e-05,1.0
1981,2000,2000,1,1.2e-06,7.57e-05,2.96e-05,1.0
1982,2000,2000,1,1.69e-05,0.001284,8.49e-05,0.9985
1983,2000,2000,1,0.0003984,0.00963,0.001405,0.989
1984,2000,2000,1,1.2e-06,6.43e-05,4.68e-05,1.0
1985,2000,2000,1,0.00054,0.0717,0.00166,0.9263
1986,2000,2000,1,8.66e-05,0.001849,0.00239,0.9956
1987,2000,2000,1,4.7e-06,0.0002785,4.435e-05,0.9995
1988,2000,2000,1,3.6e-07,2.57e-05,8e-06,1.0
1989,2000,2000,1,0.0001801,0.05164,0.000451,0.9478
1990,2000,2000,1,0.0006695,0.0523,0.002283,0.945
1991,2000,2000,1,1.62e-05,0.0005274,0.0001384,0.9995
1992,2000,2000,1,6.2e-06,0.001008,2.5e-05,0.999
1993,2000,100,0,0.001418,0.6885,0.005527,0.3044
1994,2000,2000,1,2.2e-06,7.45e-05,4.18e-05,1.0
1995,2000,2000,1,6e-08,1.06e-05,2e-06,1.0
1996,2000,2000,1,6.7e-06,0.0001963,5.496e-05,0.9995
1997,2000,2000,1,1.013e-05,0.000364,6.11e-05,0.9995
1998,2000,2000,1,0.0001669,0.006313,0.0003533,0.993
1999,2000,2000,1,8.905e-05,0.224,0.001622,0.7744
