PC1,PC2,True_Label
7.4065833,13.905381,0
11.3959055,22.786514,0
9.540025,11.147681,0
8.931519,14.069961,0
14.507025,4.825262,0
4.7597294,7.259768,0
3.83534,12.6747875,0
-0.102024555,9.847533,0
4.410848,11.436107,0
9.036191,19.889286,0
8.257796,16.808716,0
8.998113,6.9963565,0
6.0498238,9.207026,0
6.9426193,12.97512,0
-5.255282,3.0615761,0
11.770965,7.675043,0
6.3747315,12.253172,0
13.107275,18.831484,0
8.678214,15.748422,0
6.807898,9.012489,0
12.530175,11.052327,0
6.315665,8.996828,0
11.336153,13.8548,0
10.156104,16.088255,0
5.6505504,17.900534,0
9.954229,8.326973,0
5.018262,4.416263,0
13.948599,15.807784,0
3.3815763,3.1367836,0
4.831876,1.407862,0
4.3659286,13.281775,0
10.315716,4.887424,0
7.013937,12.327629,0
11.566887,10.573029,0
12.078405,-2.3173342,0
8.579645,7.1564975,0
12.637302,11.576376,0
13.575643,8.208058,0
30.641417,-0.689872,0
12.254446,3.6892786,0
11.495209,10.712757,0
47.14674,-8.583845,0
12.341855,6.2851167,0
11.188109,3.1823156,0
14.467991,12.59024,0
11.730025,11.365041,0
19.434795,6.3616147,0
10.206282,11.514205,0
9.367316,5.858345,0
15.016478,3.246278,0
11.863799,16.277822,0
17.148714,6.4189696,0
14.468876,7.0812554,0
10.064975,6.508399,0
15.031474,12.924589,0
10.764684,7.1678524,0
13.647469,5.0281463,0
15.026519,1.4436091,0
14.520633,-0.71972007,0
19.37144,-2.5135753,0
19.697147,6.6746826,0
7.0614114,3.3030028,0
3.639641,-0.5733298,0
32.366375,-23.693724,0
37.496174,-13.413639,0
32.18401,-4.9623137,0
41.912178,-21.358677,0
19.759817,2.9012682,0
45.454643,-26.755695,0
43.59767,-21.808594,0
39.97866,-17.908411,0
35.28607,-17.642063,0
25.607845,-10.594457,0
36.674847,-19.463049,0
28.484072,-12.29214,0
29.59787,-11.56772,0
24.964624,-4.034509,0
20.863337,-6.8371367,0
29.273636,-8.707372,0
22.763498,-0.040022943,0
6.4100547,5.507826,0
15.216057,7.791752,0
8.502621,4.213168,0
8.56979,6.8425903,0
11.46699,4.079925,0
20.553108,0.42899907,0
8.062091,10.71603,0
12.103541,5.1896615,0
8.364517,9.831986,0
10.31561,13.743693,0
6.5880103,19.40446,0
2.8544133,8.448773,0
4.0353103,13.266493,0
5.335011,7.357878,0
5.12944,12.387455,0
9.566734,8.544028,0
6.135552,23.301828,0
5.589764,16.710276,0
5.6282353,7.9569244,0
2.522412,3.8685353,0
9.790906,18.080496,0
13.508348,19.794237,0
10.897147,18.546358,0
12.252681,17.022585,0
4.1806593,3.4673998,0
8.2591505,12.16594,0
19.843288,16.400944,0
9.458254,11.030022,0
10.818546,11.039468,0
4.051806,9.271094,0
5.7356973,13.51308,0
10.497177,9.372685,0
2.9913733,13.406657,0
14.3881855,14.459601,0
9.061524,21.140926,0
2.312956,10.709405,0
8.533273,14.24766,0
4.8104057,22.499622,0
8.351543,26.050098,0
5.3523254,8.024809,0
4.942238,15.110383,0
8.185098,17.211552,0
1.9256982,12.406904,0
3.3772788,14.078468,0
8.099643,18.41362,0
21.946857,18.32579,0
6.44657,23.998558,0
4.996174,15.299278,0
0.8776028,19.408506,0
12.139477,16.844933,0
12.492332,22.392954,0
9.892438,19.2829,0
7.9148884,23.373066,0
5.4881287,16.570139,0
7.029763,11.637251,0
8.778246,12.138119,0
8.471563,20.533295,0
11.364556,10.829071,0
4.6492314,22.509062,0
11.862745,23.58879,0
6.021297,13.840026,0
4.0724745,7.453624,0
3.7205918,12.933834,0
2.5788121,13.037164,0
9.930729,16.849007,0
5.295738,18.60609,0
11.454567,-0.01397495,0
9.508854,-0.0914026,0
15.349693,-1.3476119,0
15.714802,3.8305564,0
13.871319,2.6083148,0
11.707257,-1.0107112,0
13.485342,1.987496,0
15.030613,2.1794136,0
8.11117,1.2877666,0
8.680512,1.3282317,0
14.012446,0.5799316,0
10.808275,1.2765518,0
10.113964,8.734237,0
11.776987,2.0176964,0
6.258036,2.4690967,0
12.297679,5.799439,0
20.510708,-2.4432693,0
18.70696,-0.25070846,0
15.230354,-2.6748142,0
19.012663,-0.6246617,0
22.207079,-3.426864,0
17.357048,-2.0381038,0
24.020248,-2.524502,0
15.958252,-1.8332894,0
7.673994,2.7889059,0
18.673855,6.547718,0
15.740029,-4.250674,0
3.6760838,0.0032184015,0
12.862849,5.183987,0
8.526174,3.714695,0
9.70218,4.639175,0
17.099121,-0.35138458,0
8.680652,0.7065946,0
8.892763,10.096319,0
3.427494,10.426169,0
-0.35705847,6.063774,0
0.9885189,2.7882478,0
12.151065,8.253326,0
12.065194,7.2104616,0
4.863833,7.884477,0
6.050121,5.904165,0
4.385472,1.6574786,0
0.9229951,4.302435,0
5.450584,3.0928903,0
8.832396,4.0500827,0
2.8398373,3.2796702,0
7.404122,0.9829573,0
12.376472,2.3661582,0
18.823112,11.041347,0
1.1034622,1.5398713,0
10.222959,3.002881,0
8.922469,1.5731623,0
7.119731,7.8724,0
15.203849,5.7410245,0
15.006833,3.034378,0
5.0786605,5.4717865,0
9.416443,6.2392535,0
5.9511952,6.7972302,0
6.2187023,17.500471,0
2.6267877,5.427352,0
11.585679,13.55692,0
2.7341661,3.8342667,0
1.2765615,4.741319,0
-2.7312558,3.6720226,0
24.429342,-0.63115364,0
10.531795,1.4763365,0
18.571415,-0.092639364,0
11.119463,4.786969,0
15.6063385,5.592017,0
20.19902,0.15796803,0
14.909999,2.047574,0
19.263494,-2.5718944,0
6.7415805,1.0498236,0
11.603876,3.1289115,0
18.162916,3.0391397,0
10.587276,10.200371,0
10.215307,4.169954,0
12.772425,3.6943853,0
3.1841924,4.302027,0
10.913524,5.931668,0
13.787299,2.755005,0
21.153578,-0.49410006,0
10.999379,3.3661413,0
14.356757,4.878654,0
18.351545,2.5778542,0
14.145606,4.750331,0
20.592155,-7.9080696,0
11.936151,2.772602,0
6.486815,4.866004,0
16.931139,7.5213933,0
16.936527,12.014463,0
15.4297,2.2871459,0
10.266996,8.750554,0
7.919426,10.20118,0
13.510536,9.448993,0
24.688011,1.2941697,0
22.498093,11.729819,0
10.141613,-1.808463,0
21.13293,-7.774156,0
16.14241,4.10607,0
19.440393,-1.2099407,0
19.878584,0.965871,0
31.04172,-8.720998,0
17.826435,3.3201623,0
22.390978,-4.9542894,0
31.992289,-1.2563728,0
22.328712,-0.6692095,0
28.508451,-0.6672388,0
11.556728,7.944015,0
20.74663,-3.8062346,0
14.483379,3.1101537,0
5.6810684,-0.9686073,0
9.06525,2.240668,0
20.168009,5.466543,0
24.781757,1.4099973,0
17.049826,10.088144,0
15.268639,5.388486,0
20.250261,-4.153012,0
13.210973,5.57908,0
11.832214,5.103998,0
9.544281,12.146026,0
16.082907,10.790078,0
12.364745,3.1928499,0
12.343483,8.100872,0
9.677724,9.39882,0
9.145868,7.412147,0
5.627853,13.507935,0
11.970467,8.497094,0
17.76661,-3.470264,0
10.753871,15.328594,0
21.457579,7.761956,0
5.139947,6.4094405,0
0.91206056,6.606952,0
11.557012,6.096037,0
14.285761,9.584,0
11.670712,2.142618,0
4.6468644,9.234984,0
6.223754,11.935077,0
10.949902,12.074238,0
18.23463,2.6681087,0
10.23902,9.888124,0
9.5582075,4.503276,0
3.2843473,5.025238,0
-3.679371,10.566312,0
6.997574,17.559992,0
13.778144,5.538377,0
6.5183983,15.443491,0
3.0031934,4.096954,0
10.902238,7.552386,0
16.002697,22.581562,0
8.410889,15.525813,0
12.206816,16.77724,0
18.042234,27.117226,0
8.574958,23.949753,0
1.5191152,17.340315,0
5.6596103,10.831096,0
11.006251,21.914785,0
7.1087465,13.348467,0
22.044191,16.897528,0
9.483253,14.488306,0
9.339733,14.160721,0
9.972798,4.665782,0
13.717906,8.42497,0
15.118547,29.829138,0
14.075676,21.224434,0
2.381504,6.032559,0
10.367014,14.452261,0
11.981984,17.674452,0
4.353054,5.219312,0
9.366548,4.008144,0
20.058382,22.287165,0
13.675546,13.223755,0
13.686973,11.78598,0
14.210758,9.989881,0
17.755642,8.249401,0
23.41322,20.682007,0
9.924015,12.420141,0
21.572655,12.214986,0
11.288201,11.441407,0
13.817282,21.600859,0
10.052858,15.234742,0
2.3151422,5.004437,0
14.987074,15.002323,0
9.399686,15.501474,0
6.5706344,14.422332,0
5.348112,15.739012,0
12.353075,19.70123,0
3.1740942,13.329116,0
2.162735,7.710198,0
5.918689,15.251261,0
8.384834,17.295673,0
10.250676,13.724317,0
1.1229401,11.113472,0
5.0072327,19.384106,0
10.632437,17.051283,0
3.5600395,4.4171243,0
4.8544273,14.350283,0
6.2770123,24.681343,0
7.6684837,21.911947,0
11.288274,11.015486,0
8.123525,11.683801,0
10.788051,5.062572,0
1.708446,11.833888,0
9.710092,18.824825,0
13.488025,25.09002,0
5.0604644,10.30999,0
8.420941,11.677368,0
3.217436,10.050585,0
4.993248,17.997044,0
14.852808,12.551633,0
7.929394,10.966526,0
4.806172,15.02807,0
19.411232,7.9534802,0
11.86192,15.389031,0
0.98257947,9.423637,0
21.149263,7.2223706,0
9.750391,17.301159,0
15.980342,10.478222,0
15.394706,15.590252,0
7.832684,14.526924,0
9.1864,16.322216,0
19.16228,20.888647,0
22.144539,22.281176,0
8.941963,16.252762,0
21.981249,20.355808,0
14.628237,15.007587,0
5.1530347,15.206886,0
2.28004,15.152551,0
10.061206,14.384911,0
19.696095,23.279943,0
13.2961035,15.645828,0
7.9820795,18.885153,0
4.703712,13.842985,0
7.4506054,14.570987,0
9.508137,14.174305,0
10.362397,9.076125,0
8.968782,13.29869,0
3.9010518,14.318348,0
19.937485,14.635556,0
12.471606,20.183582,0
14.72486,14.074186,0
3.5043163,17.869322,0
8.71366,27.855688,0
12.816637,12.77033,0
7.9757466,11.568313,0
5.1081777,13.921462,0
7.7980385,17.959625,0
9.11057,15.720779,0
9.208651,16.401598,0
10.504164,23.404613,0
4.8415318,8.562173,0
15.164867,8.466199,0
11.412588,9.7605715,0
10.278205,9.427153,0
12.3101015,12.992778,0
10.520249,12.405584,0
8.234482,14.779912,0
10.847246,20.262766,0
12.799694,20.122019,0
4.033061,17.036633,0
8.989805,16.132635,0
5.8283887,17.305597,0
3.1670046,10.328642,0
4.926508,14.303475,0
16.815125,14.513733,0
15.500948,11.795727,0
9.770675,18.90481,0
8.633002,5.2381306,0
8.437664,21.63132,0
0.18692178,13.267819,0
7.010205,16.133072,0
8.893089,14.944786,0
11.032791,20.68439,0
3.5554922,16.425083,0
4.168745,9.8752365,0
7.100678,15.81937,0
10.91093,13.232124,0
13.57318,13.258624,0
9.532275,11.668654,0
3.5801132,15.128558,0
4.34154,15.499071,0
3.385441,14.414373,0
7.7973113,23.663118,0
4.5707464,17.67778,0
12.737372,19.063967,0
10.505566,21.219868,0
13.172498,22.114943,0
5.5061064,16.914362,0
4.827547,12.158968,0
8.6960125,10.732852,0
12.2582035,19.942144,0
4.6319666,9.545167,0
7.877581,21.104017,0
12.448145,10.908761,0
7.3187847,15.20026,0
7.6881256,10.1319685,0
4.614526,15.530437,0
16.428993,15.145894,0
8.870416,11.386603,0
7.7136836,10.815735,0
9.507344,12.94977,0
7.5003324,6.472799,0
5.964845,13.81157,0
6.5396895,9.07697,0
11.451512,12.267458,0
18.947088,14.09715,0
12.357304,20.609163,0
1.9308712,10.945427,0
8.313048,19.31115,0
3.7192018,10.520715,0
11.795895,16.503342,0
7.8953557,16.48436,0
7.1597795,14.99847,0
2.9375875,12.630128,0
5.6693373,14.904713,0
11.090204,10.532548,0
9.807523,2.4771614,0
9.587177,13.471726,0
12.546725,18.311268,0
4.3894663,15.485891,0
11.530459,16.268099,0
6.836763,20.238585,0
17.278637,18.696894,0
3.4180095,12.807925,0
4.701365,11.198656,0
6.2707286,11.022178,0
2.0047264,8.416675,0
9.178525,7.4590764,0
12.51109,11.612591,0
8.882677,14.059601,0
11.320191,11.24182,0
8.316161,10.106298,0
16.909483,2.298511,0
8.507174,7.6634874,0
17.400248,3.0496714,0
10.95928,9.41222,0
7.0949616,6.747891,0
19.598618,7.01634,0
11.107416,7.631778,0
10.904421,1.56906,0
22.248333,13.226956,0
21.672468,0.49894217,0
14.675186,9.276393,0
13.693417,14.336639,0
23.674309,14.695017,0
8.973775,2.8337376,0
10.487324,3.5792222,0
8.851808,15.3300905,0
11.906085,8.623681,0
20.0659,6.5866776,0
7.544946,8.366228,0
9.691146,9.516521,0
7.9185085,5.327614,0
8.9297,6.2904787,0
-18.049742,-5.698157,100
-15.353482,-8.04043,100
-19.13195,-5.6728535,100
-19.687439,-4.687277,100
-17.12183,-6.1238875,100
-17.609734,-5.9225407,100
-19.160778,-9.192267,100
-16.445633,-5.9641385,100
-16.654037,-9.828227,100
-15.148372,-3.8904052,100
-15.664696,-4.0409594,100
-15.657857,-6.6840324,100
-15.642051,-7.781939,100
-19.241287,-4.097042,100
-13.9195595,-6.220731,100
-17.003527,-7.045238,100
-16.567112,-6.631216,100
-15.82112,-3.7731514,100
-18.030931,-8.303027,100
-16.16408,-4.7683034,100
-15.116944,-4.171142,100
-15.462808,-1.5175731,100
-15.663762,-7.3311377,100
-15.725233,-2.899009,100
-18.549824,-5.579252,100
-15.333518,-4.1506596,100
-17.136333,-3.8708642,100
-16.868399,-6.9569817,100
-14.887922,-1.727133,100
-17.176779,-4.6137443,100
-17.680054,-11.999218,100
-16.196852,-4.5682354,100
-16.467844,-4.0567946,100
-19.174812,-2.930228,100
-16.347208,-4.230381,100
-14.256958,-3.7413645,100
-18.091572,-5.9083776,100
-14.988012,-10.545294,100
-15.317012,-8.515298,100
-14.906826,-7.0005383,100
-12.16888,-3.6147172,100
-15.499777,-9.477883,100
-18.492321,-7.084527,100
-15.951206,-10.620295,100
-17.516695,-4.0955014,100
-19.333424,-11.938299,100
-15.539196,-5.4010825,100
-11.522581,-5.272592,100
-15.447205,-6.951164,100
-13.596035,-3.4505956,100
-15.723633,-2.6473167,100
-17.058033,-3.9994361,100
-16.581573,-9.502689,100
-15.508925,-9.801587,100
-18.467226,-6.7652655,100
-17.462027,-4.912175,100
-14.852104,-6.1616006,100
-15.585835,-3.164934,100
-16.283213,-7.7160015,100
-16.68206,-8.828573,100
-16.92949,-3.865043,100
-15.908485,-0.7639378,100
-17.339119,-8.541508,100
-17.3405,-8.745297,100
-11.995666,-6.9634504,100
-16.722105,-2.59159,100
-15.954755,-5.5601397,100
-15.829286,-4.085391,100
-15.696823,-10.66522,100
-16.990452,-9.040177,100
-18.010641,-9.035276,100
-12.705887,-2.2485368,100
-19.309456,-7.9959574,100
-17.895435,-10.976748,100
-17.962112,-7.3255763,100
-14.977615,-10.465085,100
-18.310518,-8.292635,100
-16.838848,-9.65481,100
-16.924215,-5.368671,100
-15.932269,-6.504869,100
-15.360697,-7.595178,100
-14.924798,-5.7231855,100
-17.351168,-10.93088,100
-12.284611,-1.242465,100
-16.636969,-7.6961174,100
-16.005096,-9.750281,100
-14.572673,-3.6604078,100
-9.73269,-1.1180903,100
-13.752193,-4.297454,100
-12.904178,-4.3301144,100
-15.259569,-4.9725847,100
-16.793602,-6.238465,100
-11.104742,-2.4946284,100
-17.2042,-7.044462,100
-16.561117,-7.197033,100
-15.98049,-7.1394176,100
-12.637991,-3.6770937,100
-14.427988,-10.84669,100
-18.758736,-10.153427,100
-18.733387,-6.790431,100
-17.13762,-7.3538127,100
-15.774622,-10.765126,100
-15.861029,-1.6356006,100
-17.13165,-11.282149,100
-17.490366,-7.7742834,100
-17.581907,-10.000577,100
-16.319748,-3.1432414,100
-17.216753,-4.76987,100
-16.627104,-7.6953344,100
-10.578061,-5.54716,100
-16.583755,-5.654922,100
-17.117208,-9.642735,100
-18.228487,-5.898708,100
-16.458923,-6.462367,100
-17.352982,-10.446794,100
-18.206493,-10.101744,100
-13.149891,-7.122817,100
-16.127747,-11.458587,100
-18.36228,-7.181697,100
-16.458952,-7.3374224,100
-18.534498,-6.6250277,100
-16.588018,-8.2412405,100
-14.83745,-2.07726,100
-14.070906,-6.776848,100
-14.606925,-10.898629,100
-17.191343,-8.947542,100
-18.949478,-8.041174,100
-16.796099,-4.975927,100
-17.499731,-4.171463,100
-17.139599,-7.80259,100
-13.427663,-1.0849663,100
-18.15161,-6.544752,100
-17.398485,-7.252259,100
-13.007658,-4.3053846,100
-14.948024,-12.154253,100
-17.13818,-5.907093,100
-14.661834,-2.0152411,100
-19.755878,-8.134046,100
-12.171955,-7.608711,100
-17.052103,-7.2107844,100
-14.301174,-5.0846553,100
-17.42773,-7.77355,100
-16.59733,-1.6793187,100
-16.206926,-5.826563,100
-10.472224,-2.08488,100
-15.396677,-6.958897,100
-16.248777,-4.043421,100
-12.390674,-0.66695213,100
-15.649261,-4.0375214,100
-16.020786,-8.015078,100
-16.261147,-7.662952,100
-18.030834,-9.579672,100
-16.048666,-2.8698494,100
-15.913468,-4.94126,100
-17.945053,-7.752987,100
-15.525828,-9.342166,100
-14.828306,-3.9258053,100
-19.119715,-6.509206,100
-14.657319,-7.5819283,100
-12.446121,-8.336606,100
-14.833378,-2.1481965,100
-15.90009,-6.471299,100
-19.4801,-13.012528,100
-16.378355,-10.21693,100
-17.248598,-6.463422,100
-16.132462,-7.14171,100
-16.316267,-8.829659,100
-18.184036,-9.693388,100
-14.763203,-6.363252,100
-18.259447,-7.3698654,100
-15.030418,-3.4532185,100
-14.374918,-2.3387063,100
-16.812534,-5.5601254,100
-13.745071,-3.1895325,100
-17.060015,-9.049663,100
-16.975552,-4.634121,100
-16.978918,-3.5123527,100
-16.767532,-4.989106,100
-15.956811,-7.274262,100
-16.61761,-6.5206914,100
-20.192543,-6.891946,100
-17.058008,-7.584318,100
-16.015564,-7.645901,100
-16.825779,-7.986059,100
-18.929472,-10.223241,100
-15.594767,-10.337902,100
-17.20144,-3.7128441,100
-15.404453,-3.0612614,100
-15.101277,-5.820172,100
-13.580004,-2.5079346,100
-11.536222,-5.649441,100
-14.64923,-2.2596734,100
-13.729846,-1.3213606,100
-16.532661,-7.1013036,100
-18.858334,-7.1528053,100
-16.26806,-8.26752,100
-14.91216,-7.9867625,100
-12.424322,-5.758929,100
-11.374354,-5.913194,100
-16.698694,-4.3424964,100
-16.971563,-8.302731,100
-12.0753145,-5.008549,100
-17.726835,-4.660675,100
-18.926855,-8.996442,100
-17.820065,-4.148534,100
-13.717322,-1.9196014,100
-17.255806,-2.311816,100
-12.663736,-0.78892404,100
-8.824946,1.2270526,100
-12.116163,-6.270365,100
-15.140837,-7.975338,100
-17.330492,-6.2962837,100
-14.322824,-5.3707023,100
-13.4353075,0.23990768,100
-7.318249,2.01892,100
-16.0116,-5.202542,100
-12.465338,-4.1433153,100
-13.253691,-1.4383793,100
-16.565552,-7.156361,100
-16.571848,-9.37049,100
-14.64497,-1.1142904,100
-14.089481,-6.928224,100
-16.292204,-4.7986283,100
-16.375465,-5.174582,100
-13.692373,-1.734763,100
-12.040401,-1.3019813,100
-15.86664,-3.2691731,100
-17.681559,-4.7102346,100
-15.096806,-3.6099203,100
-16.239048,-7.351222,100
-15.063884,-10.857006,100
-15.862177,-8.237184,100
-18.22396,-3.912825,100
-14.39972,-7.561275,100
-15.177899,-8.854266,100
-15.00235,-6.7687874,100
-16.076725,-4.2149444,100
-18.091105,-4.849872,100
-18.112724,-7.558727,100
-13.691638,-6.062144,100
-17.850574,-3.390621,100
-17.15053,-13.773698,100
-16.350204,-6.2502294,100
-18.638432,-8.012381,100
-18.823925,-7.514107,100
-14.647008,-6.157018,100
-16.496548,-1.5253043,100
-16.098383,-3.890377,100
-13.279803,-6.169497,100
-13.528072,-3.93254,100
-10.03554,-0.27044234,100
-18.45539,-6.810989,100
-17.083956,-8.641014,100
-15.600995,-5.2925544,100
-13.540717,-5.301199,100
-18.502806,-9.325766,100
-18.499475,-4.6396484,100
-16.408936,-6.875791,100
-18.219099,-10.794247,100
-13.108115,-10.523373,100
-13.392963,-1.4252067,100
-15.329721,-2.434474,100
-16.127392,-0.49219742,100
-12.289851,-9.844812,100
-16.34896,-9.313384,100
-17.006935,-4.4505086,100
-16.221964,-4.914924,100
-15.157626,-7.448943,100
-12.687924,-10.197024,100
-16.890532,-3.1822712,100
-21.628613,-9.2736845,100
-14.902603,-13.029528,100
-17.474657,-4.380013,100
-15.954641,-10.150586,100
-16.004343,-4.3663635,100
-16.90114,-9.732022,100
-17.663345,-6.5606284,100
-17.270939,-5.3132825,100
-13.821625,-10.851619,100
-17.480171,-6.6833725,100
-14.842552,-4.778249,100
-17.68952,-4.895065,100
-15.641206,-13.505709,100
-14.718187,-7.7636075,100
-17.018768,-13.514986,100
-16.815697,-9.712662,100
-14.91528,-8.559868,100
-16.518667,-2.4547975,100
-15.348877,-11.257296,100
-14.293062,-7.183767,100
-17.33237,-12.072843,100
-17.238317,-7.6177044,100
-17.669693,-9.230014,100
-16.148552,-7.1471777,100
-17.905191,-8.892506,100
-19.847565,-6.6499557,100
-14.793891,-10.055529,100
-14.200169,-5.0804486,100
-17.025562,-3.3289216,100
-17.695625,-3.9055967,100
-15.607567,-3.770489,100
-16.902561,-11.177924,100
-16.179226,-9.599675,100
-17.156507,-5.3196497,100
-17.147615,-5.9378266,100
-15.240533,-6.681275,100
-16.033827,-3.0293264,100
-11.621818,-5.2115917,100
-14.896998,-8.876436,100
-17.8495,-6.1893444,100
-17.425646,-4.4947715,100
-15.555804,-7.0963583,100
-16.094614,-6.3193483,100
-16.284786,-8.164241,100
-16.931423,-4.419228,100
-17.524847,-7.0557976,100
-17.687023,-3.2528408,100
-18.70429,-11.573908,100
-18.102001,-6.317643,100
-17.61877,-6.8331223,100
-16.325554,-8.873833,100
-16.736616,-7.7814946,100
-15.710161,-4.40288,100
-17.988003,-4.009791,100
-14.9244585,-7.475429,100
-17.345964,-8.048455,100
-14.490167,-2.213212,100
-14.513939,-5.6385527,100
-15.083186,-7.9943686,100
-15.706749,-8.0148945,100
-18.72804,-6.204144,100
-15.223869,-0.4275599,100
-16.458881,-5.636983,100
-15.367646,-8.661777,100
-16.189997,-5.379078,100
-16.564783,-6.528764,100
-18.12556,-5.3025017,100
-17.793797,-6.149674,100
-16.135714,-11.914579,100
-12.888018,-6.414599,100
-13.96071,-9.872462,100
-15.765174,-3.6851194,100
-16.249271,-9.850291,100
-13.07304,-0.6364973,100
-17.382742,-5.729913,100
-15.591293,-1.4953471,100
-15.201082,-4.8878813,100
-18.802847,-10.14419,100
-17.754496,-7.3177857,100
-16.691706,-10.522009,100
-15.051804,-7.0715084,100
-19.684174,-6.996076,100
-14.795152,-9.4065,100
-16.698963,-5.8747115,100
-16.599464,-8.607523,100
-15.137444,-8.958841,100
-15.669867,-8.529419,100
-13.320038,-8.1109915,100
-18.003347,-9.33283,100
-13.559983,-5.355538,100
-15.385706,-3.4678106,100
-15.695168,-9.303415,100
-16.707745,-10.199115,100
-12.986049,-7.088544,100
-15.851865,-9.66542,100
-10.454428,-2.4180152,100
-16.208254,-8.241897,100
-14.581097,-0.52213717,100
-18.49114,-10.043317,100
-17.366278,-9.83862,100
-16.340006,-5.6104574,100
-14.8637495,-10.9665365,100
-15.034931,-12.507728,100
-14.201751,-10.837161,100
-16.724417,-7.648104,100
-15.133227,-3.0840452,100
-13.682052,-11.809578,100
-15.552501,-7.702766,100
-15.614902,-5.519,100
-16.679207,-3.6385584,100
-15.027016,-6.001763,100
-16.584854,-6.4125795,100
-15.489835,-10.214723,100
-16.434948,-10.4573555,100
-15.375289,-8.756647,100
-14.622578,-7.739602,100
-16.792067,-5.6876955,100
-15.31419,-7.489697,100
-17.523886,-8.863789,100
-17.984665,-9.388528,100
-16.977896,-9.613238,100
-18.76782,-10.868596,100
-15.595871,-9.345962,100
-12.697357,-3.3916204,100
-17.666643,-10.768519,100
-16.858704,-12.537228,100
-16.68934,-4.505947,100
-14.145946,-4.5784993,100
-16.56229,-5.794077,100
-19.87792,-6.8578215,100
-15.635908,-6.5267854,100
-16.14815,-10.894522,100
-17.98074,-8.484749,100
-15.29016,-3.8817267,100
-17.945267,-6.5965486,100
-15.556616,-6.791089,100
-16.873178,-10.253506,100
-16.282276,-4.187003,100
-12.912722,-4.2865343,100
-15.749232,-4.2097273,100
-16.24422,-6.850896,100
-15.225512,-4.3644476,100
-17.943243,-7.743987,100
-18.352875,-6.5036807,100
-11.1998,-5.1128154,100
-18.101913,-5.129345,100
-15.733032,-7.8291726,100
-16.827742,-10.261549,100
-17.910591,-5.787268,100
-15.345722,-4.5060935,100
-16.649904,-5.6133537,100
-13.423441,-9.391664,100
-16.17027,-9.983752,100
-16.310438,-1.6108303,100
-15.8634815,-6.2845173,100
-14.68299,-10.341577,100
-14.817042,-7.6173053,100
-16.55225,-7.3692575,100
-17.948767,-5.659088,100
-18.332008,-3.0026953,100
-16.009348,-6.932039,100
-18.674978,-9.263892,100
-15.156277,-7.982695,100
-11.705504,-5.0872607,100
-16.94879,-4.9028983,100
-16.365881,-7.111386,100
-15.016024,-9.51933,100
-17.305433,-6.7668166,100
-15.61998,-4.4738994,100
-19.021383,-10.401977,100
-14.7748995,-1.0366799,100
-18.581192,-11.678236,100
-18.183783,-5.8256083,100
-17.10604,-3.3247473,100
-15.510089,-4.7132077,100
-11.877175,2.2230675,100
-13.534464,-2.6559162,100
-15.274222,-7.6264057,100
-10.724837,-5.3822565,100
-16.090227,-5.918939,100
-15.012407,-5.2851415,100
-15.038859,-11.842756,100
-15.595203,-4.821231,100
-16.992521,-11.572238,100
-16.8508,-8.283936,100
-13.889171,-6.946577,100
-14.0774355,-11.495149,100
-18.637087,-2.2470503,100
-16.6416,-8.731131,100
-13.107851,-7.0847178,100
-15.891043,-8.008318,100
-16.118755,-0.3743871,100
-13.589293,-5.329686,100
-14.420208,-5.077176,100
-17.91335,-3.6994174,100
-16.438457,-5.2693853,100
-14.335439,-6.0054865,100
-15.721435,-2.7640665,100
-15.457907,-10.229919,100
-18.180988,-6.226225,100
-19.848827,-4.3607793,100
-13.661762,-4.2734733,100
-17.619009,-4.08111,100
-17.03715,-13.242775,100
-15.504638,-2.7152152,100
-15.693301,-3.9262834,100
-14.477033,-3.0503037,100
-17.777813,-5.739873,100
-17.203089,-3.384861,100
-17.693563,-7.184461,100
-15.114712,-2.4506402,100
-18.427114,-4.5769672,100
-5.172093,0.4556246,100
-9.837673,-1.9551095,100
-16.415413,-4.638491,100
-9.877453,0.5576294,100
-14.6252985,-6.619742,100
-14.443929,-3.8600988,100
-16.261812,-3.0558674,100
-17.494234,-3.0393233,100
-19.249321,-15.10512,100
-17.057005,-10.0804405,100
-17.936533,-9.026646,100
-19.105906,-3.7243834,100
-17.088436,-7.783455,100
-18.03618,-8.300516,100
-16.43866,-11.662114,100
-16.176153,-6.39052,100
-19.531326,-4.65942,100
-19.126656,-8.194013,100
17.80266,-11.625871,1000
26.336325,-17.459206,1000
15.0597105,-6.535297,1000
10.673122,-7.6967044,1000
18.203302,-13.242762,1000
12.39336,-2.0150313,1000
9.303545,-1.0683342,1000
4.1679816,-1.7646677,1000
15.688134,-6.0931764,1000
10.395784,-3.2160804,1000
3.4510605,-4.8678474,1000
10.667552,-2.7669106,1000
2.667809,1.0164282,1000
6.6721272,-2.6307237,1000
10.655191,-4.786438,1000
14.157538,-6.9561667,1000
17.657621,-8.568035,1000
8.320689,-7.635742,1000
12.839887,-5.8972154,1000
21.85422,-12.605228,1000
10.674674,-4.1230874,1000
9.556872,-3.7416735,1000
11.004664,-6.2107067,1000
2.558142,-1.6399952,1000
-1.170895,4.1882167,1000
5.0172977,-0.5517484,1000
8.21502,0.87836915,1000
18.85246,-8.040508,1000
8.725812,-3.6614006,1000
11.922734,-5.160643,1000
13.379318,-5.6761,1000
7.0331054,-4.8612046,1000
13.741796,-5.3851957,1000
10.419935,-9.076456,1000
2.622393,-2.6153388,1000
6.5266166,1.3302792,1000
10.867985,-5.3809223,1000
2.4612372,-3.222978,1000
2.395361,-2.1612647,1000
3.9400246,-1.7542722,1000
0.6548655,-2.7336066,1000
2.3293028,1.684811,1000
2.5095499,-1.9877591,1000
3.6230812,1.2255664,1000
2.558516,3.4254603,1000
9.371054,-0.38211295,1000
6.934595,5.2637134,1000
10.930889,1.8482242,1000
6.3850274,1.3444151,1000
11.847125,-6.181133,1000
11.650436,-4.4017158,1000
14.136071,-6.7591767,1000
7.143632,-2.765458,1000
6.9251246,-3.0550065,1000
5.9596415,0.15489532,1000
7.1559253,-4.154531,1000
16.490456,-7.354911,1000
7.5103855,-3.240478,1000
23.58368,-12.352478,1000
16.3081,-7.868522,1000
14.62993,-8.990252,1000
5.683618,-4.943313,1000
7.3648996,-2.300163,1000
8.78634,-2.807084,1000
11.685863,-5.6243463,1000
9.421135,-5.3208055,1000
7.01259,-3.2516353,1000
6.103312,-6.487655,1000
-1.0934002,0.0031020965,1000
5.7327466,-0.636176,1000
7.9529366,-4.442233,1000
2.7208462,-1.1165308,1000
-0.89662814,0.7961847,1000
0.9472513,2.2925646,1000
7.3135242,-1.6931549,1000
8.192523,-3.4390528,1000
10.643247,-3.9528508,1000
1.2565141,-4.5117097,1000
11.528472,1.9438895,1000
3.3718348,-1.4551575,1000
14.175882,-8.009448,1000
7.3796616,-4.564329,1000
7.7036643,-3.7396712,1000
13.951826,-5.36388,1000
8.625512,-7.877242,1000
9.5085945,-5.7416077,1000
15.648687,-11.162891,1000
9.33621,-4.64218,1000
8.237209,-5.3974733,1000
4.814961,-2.7099264,1000
-1.6232423,-0.8627205,1000
4.6839237,-2.4759212,1000
-0.20397043,1.312857,1000
4.9593253,-0.6553728,1000
-1.2966074,3.4600966,1000
5.724213,-4.4626946,1000
1.1050984,0.7838154,1000
1.4303284,-1.2513818,1000
1.9495173,3.097546,1000
5.7079835,-1.7508383,1000
6.136871,6.1447425,1000
2.928357,-1.5274907,1000
2.8333228,5.182268,1000
3.2796266,-3.114515,1000
11.492601,-6.470969,1000
6.4912553,-2.7796788,1000
3.8826208,-2.1722093,1000
8.902662,-2.2551746,1000
2.2409735,-0.7046679,1000
23.105055,-14.245838,1000
8.213935,-4.1959767,1000
4.6299214,2.489457,1000
4.786413,-1.8903682,1000
13.653301,0.47094798,1000
16.380901,-10.887442,1000
5.705247,-1.6115549,1000
12.697515,-1.310345,1000
2.2006447,-2.0593405,1000
0.21686868,-0.8585114,1000
-0.63377625,4.268283,1000
8.112926,0.06585535,1000
9.051942,1.4373062,1000
20.011328,-5.852517,1000
14.644039,-6.4128494,1000
8.750664,-4.527089,1000
10.394673,-8.69891,1000
5.5727468,3.3423595,1000
11.798796,-6.5027227,1000
3.1279395,1.2637784,1000
10.138857,-6.439986,1000
6.0844836,0.8290501,1000
-1.9576923,0.7540607,1000
-4.064748,0.8476723,1000
0.56498563,-0.53391516,1000
-0.9474626,3.4850435,1000
0.75528055,8.288501,1000
-2.3851292,9.55309,1000
7.87389,-2.957593,1000
25.670265,-15.38324,1000
8.227098,-2.9254816,1000
11.820004,-7.9678364,1000
8.066009,-3.2631521,1000
6.1463265,0.005854965,1000
17.278513,-3.5658257,1000
25.346722,-3.523617,1000
2.5191903,-1.5952533,1000
6.517872,-1.9240396,1000
1.3232749,5.242482,1000
3.0068765,-1.3371577,1000
1.6414739,-0.3584594,1000
4.7264905,-3.9117825,1000
5.676043,2.2817595,1000
13.463736,-3.8332136,1000
4.8725557,-3.4265616,1000
4.62374,-0.3547967,1000
4.0848904,-2.1955009,1000
7.46039,-1.6786364,1000
7.084427,-2.8961554,1000
3.3851943,5.345637,1000
4.7015853,-1.1612772,1000
-0.24248981,1.2655048,1000
6.092928,-0.24273434,1000
10.5162525,3.430149,1000
9.564346,-3.832481,1000
7.4522524,-4.2378144,1000
3.3305526,-3.0529146,1000
2.2492242,-0.89999676,1000
-2.6395664,2.0228653,1000
36.206715,-20.011042,1000
19.128256,-11.539799,1000
0.22087398,-2.1523676,1000
-6.7689395,0.3734403,1000
-0.97098637,1.0331868,1000
-1.0692297,0.4369001,1000
0.030760113,-2.0108545,1000
-1.9230378,-0.8696738,1000
-2.4258041,0.72044826,1000
-0.4513509,1.2624202,1000
3.6755912,-3.4638193,1000
7.1870346,-1.4052916,1000
5.185508,0.45211354,1000
6.0943713,0.38030612,1000
7.6470366,3.7350206,1000
5.7342896,2.3566647,1000
3.082008,1.9187253,1000
4.979574,-0.027341098,1000
11.29638,-0.40323696,1000
27.379015,-17.01317,1000
25.377354,-16.074036,1000
24.438168,-18.475693,1000
15.701996,-12.147787,1000
9.943227,-8.265139,1000
4.4807806,-2.6081328,1000
20.542952,-15.712644,1000
22.929367,-18.14772,1000
20.844933,-16.405224,1000
27.151285,-16.83981,1000
10.936819,-6.9381566,1000
25.362925,-20.355093,1000
26.662458,-18.623602,1000
46.44587,-33.28774,1000
28.18754,-21.89797,1000
24.676676,-14.664186,1000
3.1637821,0.33752647,1000
1.1390059,1.4414227,1000
7.067589,-2.3632853,1000
6.506718,-2.1205053,1000
9.456997,-0.20569606,1000
5.644322,-0.042933047,1000
7.2144194,-5.1641083,1000
6.4341297,-0.75637156,1000
16.665369,-1.1042747,1000
3.8701777,0.0055948934,1000
6.553411,-2.8170722,1000
13.696243,-10.641149,1000
3.8593643,-2.1511722,1000
5.4403663,-0.77263683,1000
12.59131,-6.7582088,1000
0.35304722,0.55496246,1000
1.5656898,-0.6318535,1000
-1.2787592,1.9053861,1000
6.473809,-3.0901167,1000
3.1662252,-4.3756633,1000
6.1572876,-4.571104,1000
0.30644792,-2.6865706,1000
14.085435,-9.365194,1000
12.760831,-3.5071092,1000
2.8228517,-2.2629251,1000
12.586978,0.7640993,1000
6.807217,-3.3459427,1000
4.7812195,2.1456492,1000
3.406728,-3.3864357,1000
8.755164,-4.0967045,1000
1.5658191,3.1357696,1000
11.502923,-3.3006632,1000
3.3167837,-2.0331964,1000
-1.5022331,0.24310139,1000
6.868223,-0.6316291,1000
-0.37205696,2.777659,1000
-1.8189157,-1.2401786,1000
0.5102097,-2.4254231,1000
-0.9000349,0.06903777,1000
0.1799884,-1.9969935,1000
0.5365993,0.4101607,1000
4.6957393,-1.964498,1000
6.438313,-2.93431,1000
5.3028765,-4.589119,1000
1.6424086,-1.9594573,1000
2.5760913,0.5053216,1000
3.078928,-2.5503771,1000
8.569928,-2.7672453,1000
12.599137,-6.891616,1000
4.304709,-0.43319777,1000
5.366777,-0.8525706,1000
1.0226215,-1.1239841,1000
14.998861,-6.5328364,1000
10.204988,-6.8634806,1000
5.7693577,-1.5662332,1000
10.671142,-0.8846221,1000
13.021973,-5.70569,1000
28.2043,-18.89113,1000
16.712934,-11.631563,1000
15.468291,-12.362883,1000
38.86177,-28.078869,1000
32.842133,-20.597029,1000
19.327154,-12.622206,1000
14.847876,-7.9946775,1000
37.792427,-28.797276,1000
27.52365,-18.829979,1000
27.754244,-20.301113,1000
14.818437,-13.043152,1000
28.998293,-18.837193,1000
53.456646,-36.013496,1000
29.754541,-25.60427,1000
8.130373,-4.1335225,1000
29.194754,-22.694725,1000
21.20521,-12.798066,1000
17.174074,-7.280553,1000
31.063154,-20.690971,1000
71.90647,-50.529022,1000
25.262335,-20.784346,1000
17.92153,-12.680917,1000
21.981493,-16.98731,1000
10.840304,-3.5628123,1000
23.823698,-12.421833,1000
9.32181,-7.3819137,1000
28.851448,-20.798214,1000
40.967922,-28.834295,1000
20.901825,-12.34886,1000
5.0952973,4.1418805,1000
10.920728,-7.2612147,1000
21.32164,-13.419149,1000
16.265482,-13.984883,1000
37.97722,-28.859198,1000
32.105495,-25.327726,1000
26.904186,-22.640287,1000
30.489784,-22.131907,1000
50.163933,-38.98054,1000
35.169617,-23.298954,1000
14.556376,-7.2772436,1000
28.039928,-24.209042,1000
25.77365,-18.248081,1000
9.713762,-6.507648,1000
16.017391,-12.42666,1000
22.835184,-17.706831,1000
20.24179,-11.205594,1000
4.0234275,-3.6863692,1000
3.681038,-3.0101347,1000
3.2133791,-0.7952499,1000
5.6070414,-3.2291265,1000
1.9093031,0.3681193,1000
4.1466856,3.1598945,1000
9.315561,0.30985522,1000
19.719662,-16.176746,1000
22.982077,-20.089367,1000
25.693539,-19.800564,1000
27.888983,-16.317987,1000
18.488733,-10.475013,1000
25.925415,-22.569252,1000
23.191833,-18.489458,1000
7.145342,-1.404482,1000
47.46298,-37.67079,1000
31.561647,-20.583937,1000
24.058954,-15.29011,1000
33.47048,-22.793795,1000
46.827602,-31.815777,1000
51.20679,-37.930305,1000
21.924004,-10.964155,1000
51.51226,-41.63374,1000
27.904425,-18.622639,1000
49.717766,-36.26387,1000
25.719011,-16.178808,1000
18.728733,-13.21431,1000
16.010574,-7.382412,1000
12.373671,-6.5093365,1000
18.218079,-8.140575,1000
42.826515,-32.73258,1000
22.372978,-11.1245575,1000
12.865147,-4.560997,1000
15.660583,-5.532088,1000
15.790669,-11.627454,1000
23.296942,-13.397347,1000
26.617466,-19.627207,1000
8.218664,-5.896744,1000
4.2237034,-0.9540324,1000
10.449771,-4.1389914,1000
37.800823,-26.894327,1000
15.51077,-10.825127,1000
7.944343,-0.088538274,1000
33.908344,-25.363884,1000
31.397074,-21.003721,1000
63.48804,-46.182404,1000
34.182663,-21.903276,1000
19.38469,-12.775581,1000
21.985348,-4.7515345,1000
13.807883,-11.175875,1000
43.984528,-33.304646,1000
7.0393405,-5.429524,1000
19.061201,-12.346859,1000
14.167984,-7.587656,1000
14.324124,-9.139138,1000
15.663087,-12.61638,1000
6.8125043,-2.6023076,1000
4.8125715,-3.842361,1000
40.63405,-29.33671,1000
24.531136,-21.318722,1000
16.41824,-10.352355,1000
10.8834305,-6.9540577,1000
9.879915,-8.575248,1000
22.282036,-13.144912,1000
-1.3451787,-0.09400291,1000
8.24856,-2.7854319,1000
16.15503,-7.5445385,1000
7.121232,-3.285457,1000
11.575931,-6.497716,1000
6.3269176,-5.72749,1000
12.293413,-8.062507,1000
7.7590747,-2.382187,1000
-0.8986581,-2.74588,1000
-0.9506685,-3.5775943,1000
7.6998363,-7.980356,1000
3.951206,3.6512787,1000
17.80431,-6.1066556,1000
6.666954,-4.6904383,1000
26.915188,-13.957705,1000
5.1243763,2.7577155,1000
15.112328,-13.807401,1000
5.054429,-5.839197,1000
20.241379,-15.95569,1000
18.836842,-12.940945,1000
14.332439,-13.318646,1000
32.73144,-23.454239,1000
13.106478,-7.8231206,1000
31.125057,-24.522238,1000
28.732533,-21.029585,1000
45.891346,-35.937927,1000
19.436243,-13.737652,1000
24.670334,-16.279537,1000
12.547793,-1.5227977,1000
17.865377,-15.232241,1000
23.586622,-18.885849,1000
33.059242,-25.500666,1000
36.87161,-29.130974,1000
37.802597,-30.708523,1000
32.701164,-21.627832,1000
46.84006,-36.23319,1000
19.08866,-16.61822,1000
9.9257,-6.494089,1000
14.626605,-5.436253,1000
17.14445,-11.62211,1000
27.49245,-18.460764,1000
35.22653,-19.999147,1000
25.985502,-13.916358,1000
6.3292446,5.7774014,1000
17.468489,-13.790712,1000
18.674702,-9.093648,1000
13.054708,-1.9069586,1000
14.258335,-11.062164,1000
-1.786128,7.399138,1000
4.69236,-1.1570275,1000
20.68689,-12.604859,1000
18.95996,-8.02344,1000
16.85691,-8.416234,1000
9.14795,-6.9285583,1000
12.991551,-8.876513,1000
26.180317,-13.948342,1000
1.2213037,1.2601594,1000
8.186744,-5.052074,1000
19.987637,-17.10162,1000
16.258932,-9.402541,1000
18.765108,-11.668996,1000
18.930925,-15.041046,1000
37.00397,-23.525242,1000
26.974724,-21.415876,1000
18.777723,-11.765236,1000
59.923817,-45.69883,1000
29.78037,-20.605524,1000
13.465029,-8.397081,1000
35.68885,-27.216444,1000
11.412519,-6.383015,1000
14.2055855,-7.17663,1000
31.434248,-23.31142,1000
3.7993019,-2.9708567,1000
2.9190722,1.5457536,1000
10.032593,-5.437374,1000
15.767205,-9.328075,1000
0.21195753,-1.1987262,1000
2.784394,-1.9363884,1000
7.3726645,-6.1848006,1000
11.886052,-9.64316,1000
19.381935,-10.176699,1000
6.043122,-3.8516119,1000
26.427963,-17.650185,1000
13.650957,-10.274985,1000
12.159193,-7.178181,1000
6.896165,-3.7058969,1000
25.1761,-16.870121,1000
12.714261,-7.9944487,1000
30.188852,-18.039574,1000
12.880683,-6.309493,1000
7.7495675,-6.368514,1000
39.557472,-26.248823,1000
23.40521,-16.355465,1000
29.588661,-18.38773,1000
18.77681,-6.0990896,1000
10.226358,-6.188443,1000
21.424398,-18.59023,1000
31.25395,-19.761053,1000
33.415253,-23.470993,1000
45.067318,-30.09374,1000
8.131027,-5.9994144,1000
15.754114,-11.133594,1000
19.500301,-15.38066,1000
11.696325,-8.530643,1000
20.270054,-5.1186333,1000
26.660011,-11.453412,1000
12.306807,-9.51183,1000
18.818295,-12.187069,1000
5.420883,3.0413258,1000
52.865932,-38.910248,1000
11.405164,-6.85768,1000
20.294054,-15.019065,1000
29.717697,-20.766832,1000
25.229193,-17.013748,1000
50.598877,-42.542515,1000
24.80174,-21.46501,1000
25.954401,-13.247988,1000
39.10502,-29.459677,1000
10.20913,-7.6066046,1000
12.238716,-3.108924,1000
3.0199316,1.0809815,1000
15.452901,-11.425898,1000
14.46183,-7.9538307,1000
27.269312,-21.152828,1000
14.086986,-7.5764594,1000
6.319967,-4.0886226,1000
25.567036,-14.434322,1000
10.560527,-7.6301904,1000
9.609421,-6.436479,1000
7.5934973,-5.135869,1000
5.8665547,0.61058855,1500
5.820064,-0.774114,1500
11.265574,-1.7452945,1500
0.45949942,-0.6341964,1500
3.0903406,-2.0237124,1500
4.192916,2.060011,1500
1.066104,4.5225415,1500
1.3836031,-1.7902858,1500
1.7438662,3.685436,1500
-3.6097584,9.725218,1500
6.4387603,-0.7073972,1500
5.4483533,0.7467975,1500
10.543419,-5.170324,1500
7.0016117,-2.0484939,1500
1.0756584,0.98039544,1500
0.08934216,5.280873,1500
1.5631583,1.332219,1500
-4.4267244,2.4228566,1500
-1.7161031,2.3937194,1500
2.4133506,5.3003554,1500
0.77711856,2.465005,1500
7.106874,-4.3070917,1500
7.927572,-4.478984,1500
14.990095,-0.36043406,1500
12.645498,-4.8654046,1500
5.7406845,-2.7823,1500
12.906417,-7.709907,1500
6.230012,0.034729637,1500
5.8368664,-4.8153195,1500
12.433451,-4.7766776,1500
4.454344,-2.7661302,1500
7.952446,-7.0513544,1500
8.810679,-3.307385,1500
10.8619,-8.11037,1500
6.4987764,-4.7028494,1500
9.317945,-0.39037454,1500
9.644804,0.4921855,1500
8.328575,-5.041416,1500
5.31416,-3.3361764,1500
11.242184,-8.489211,1500
2.7692757,-2.3417826,1500
2.373861,-0.48805714,1500
0.2860244,0.81428653,1500
2.8295448,3.5602558,1500
5.9988613,-5.8945303,1500
15.007765,-7.925027,1500
11.982107,-6.8683634,1500
10.916535,-7.5608287,1500
4.3779078,1.2971141,1500
15.711912,-6.2567806,1500
5.145533,-5.0978274,1500
7.4310822,-3.7565503,1500
4.549597,-5.2649612,1500
6.100408,0.37508887,1500
17.330078,-11.135201,1500
11.001147,9.877609,1500
5.2010975,-6.101751,1500
10.941264,-6.939338,1500
5.952318,-5.2508354,1500
1.7211603,0.7665335,1500
4.591353,-4.685482,1500
5.2732344,-3.2050054,1500
5.423284,-2.24651,1500
11.770288,-9.027097,1500
16.589386,-3.1612954,1500
6.265532,1.3850999,1500
4.374059,-4.1503487,1500
4.4171824,-3.526637,1500
9.347246,-4.8779798,1500
6.3200817,1.0033123,1500
0.03560771,-2.6409695,1500
0.42251632,0.09538717,1500
9.117886,3.0102844,1500
-0.9803889,1.0924205,1500
-1.7833937,0.21877271,1500
6.023844,-4.0224214,1500
0.0029216253,4.2771125,1500
5.315812,-1.4772643,1500
9.175521,-0.8297197,1500
0.046784613,-4.2440343,1500
0.8825873,-1.8731447,1500
1.2225571,-2.3498158,1500
5.305598,4.8587117,1500
3.555324,1.9261465,1500
-2.4313653,2.8974476,1500
3.1592832,-1.4787296,1500
5.8376145,-1.1579683,1500
1.0152721,2.1644433,1500
0.055928122,6.022091,1500
6.442021,-3.341137,1500
2.648978,-3.482928,1500
3.432487,-2.8611753,1500
1.6356239,-2.4896338,1500
11.127087,-5.693951,1500
6.7718987,2.6090188,1500
-1.0922186,-0.21559712,1500
2.249885,-0.3183135,1500
4.4126654,-4.054274,1500
1.0784568,-1.7644835,1500
2.461267,-3.4912157,1500
3.036239,2.1567562,1500
4.995479,-3.8541787,1500
2.5229423,-2.0056481,1500
6.205117,-2.2375724,1500
4.5111847,-2.8149264,1500
-1.846253,2.8612833,1500
1.5509,-1.4294804,1500
4.6223407,-0.07609031,1500
9.573388,-4.1389894,1500
12.684899,-0.067490354,1500
7.1035686,-3.9947672,1500
12.961332,0.02030168,1500
9.203985,-6.251252,1500
13.039992,-5.428829,1500
9.445393,-3.930109,1500
9.114581,-6.3220024,1500
5.7055273,-2.518342,1500
0.42838857,-0.565399,1500
15.038312,-7.7446017,1500
7.2747936,-1.2174603,1500
-1.5810033,0.17469563,1500
-1.4071113,-1.944055,1500
-0.30013448,-1.8775318,1500
2.960607,-0.6728903,1500
-0.9411254,1.1431019,1500
5.719182,0.96829516,1500
4.5972834,-5.5292516,1500
2.7300246,-1.6516777,1500
0.7555124,4.919112,1500
7.3730197,-4.8446736,1500
3.5099497,-1.7383127,1500
-2.8886695,0.6821037,1500
17.834013,-7.8037424,1500
6.098006,-0.7864162,1500
1.367229,-3.7246416,1500
3.6051822,-1.7413586,1500
11.526039,-2.2324638,1500
5.373027,-2.9710166,1500
6.002533,-2.5929136,1500
-1.9753658,0.70345634,1500
10.558386,-5.8826094,1500
0.103292465,-0.4652366,1500
6.122306,0.44782034,1500
0.1555304,-1.4571018,1500
4.4726667,-3.9748113,1500
6.457312,0.2525501,1500
3.6447914,-1.061178,1500
6.4443803,-1.527757,1500
13.374273,-6.247865,1500
1.9228208,3.497698,1500
-1.8702439,0.71794146,1500
-0.76048476,3.4480648,1500
7.435046,0.6666588,1500
12.554016,-3.450661,1500
8.394912,-4.05687,1500
13.207357,-5.1500607,1500
6.1691437,-3.7977388,1500
2.6732695,-1.1861817,1500
0.64509016,-1.3812264,1500
1.2254741,2.202779,1500
-1.8125341,-0.00933728,1500
-0.9409203,2.163818,1500
2.1074119,-2.8545716,1500
-0.74683845,1.3613162,1500
0.1804265,-2.9512212,1500
6.0957303,5.9509287,1500
1.2874185,-0.77502906,1500
-5.905017,1.8842732,1500
17.971466,-8.184739,1500
11.796729,-5.7323,1500
9.048109,-1.9782112,1500
5.710344,-3.4624467,1500
5.1187882,4.7467246,1500
3.9413073,-1.7241175,1500
-0.7618335,-2.495359,1500
-1.8327341,-0.8501353,1500
7.079007,-0.09387426,1500
5.6679654,7.515848,1500
-2.5285585,0.51804507,1500
3.5749469,-2.7811549,1500
2.0703533,6.138386,1500
2.0110617,-3.4468265,1500
2.538117,-0.5882184,1500
4.609302,-3.9673526,1500
5.7384224,-0.36129692,1500
1.875908,2.6997752,1500
-0.017243775,-1.3924644,1500
8.448488,-6.6082788,1500
-3.290157,2.0054855,1500
1.7799957,0.9728075,1500
4.3306355,-0.481261,1500
1.1773549,5.1841974,1500
8.388139,-5.056635,1500
8.590886,-2.6149578,1500
21.190487,-12.760481,1500
5.4582095,-3.3646097,1500
21.17048,-4.326317,1500
8.974538,-4.0850234,1500
3.6933496,-3.9762256,1500
12.7479725,-5.7859497,1500
11.548274,-6.3394866,1500
0.48419118,-1.4562025,1500
3.1449342,-2.2838054,1500
4.3818626,-2.9725754,1500
7.038099,-4.74911,1500
-2.1073396,0.18485531,1500
4.1490602,0.7245746,1500
0.5924431,-1.4565735,1500
2.6536682,-1.1524479,1500
-0.16769707,-1.52052,1500
3.9587684,-1.0094844,1500
-0.9265549,2.9322515,1500
2.823422,4.7083135,1500
5.9875584,3.099894,1500
1.4653913,-0.93166566,1500
-1.5820094,0.80117106,1500
7.4114785,-4.857023,1500
13.616287,-8.081993,1500
11.29176,-5.5052686,1500
6.749431,0.23173584,1500
7.377191,-4.217079,1500
4.7473407,-2.672502,1500
9.382011,-4.5337944,1500
11.68805,-3.2506757,1500
9.657804,-6.0994835,1500
22.40731,-14.178704,1500
0.76512146,-0.48794013,1500
7.691924,-5.272047,1500
8.00297,-5.5512133,1500
7.0996604,-4.5035353,1500
14.779331,-7.8175216,1500
-0.9957397,6.019307,1500
0.07999805,2.487018,1500
-4.325137,5.3908525,1500
-3.547261,0.08763329,1500
0.055929292,3.045802,1500
0.6566653,4.984188,1500
-1.062435,8.060436,1500
-2.6494365,4.4518337,1500
-0.91597307,3.7009447,1500
-7.177068,-0.1732242,1500
-2.576252,0.86635786,1500
-6.405317,3.1878383,1500
3.4016502,-0.047932863,1500
3.1187034,-1.8681024,1500
1.9591622,-3.8223646,1500
1.7403225,-0.48050067,1500
1.747543,-4.7183447,1500
8.694448,1.3040081,1500
3.0014617,-3.6888883,1500
5.8777575,2.59233,1500
5.770058,-2.7011423,1500
6.3410654,-5.1843524,1500
2.5251749,-1.1508399,1500
2.7825336,0.08388368,1500
11.16723,-9.460135,1500
0.74945515,1.3469323,1500
-0.9215645,1.2194837,1500
4.1604934,-0.32070017,1500
5.9193993,1.1794857,1500
-0.4438657,-1.4304616,1500
4.66748,-4.1149955,1500
2.5940816,4.0362763,1500
3.0977478,2.0984676,1500
-1.1228455,-2.071359,1500
1.3809649,-1.4953121,1500
-1.1825622,2.8216336,1500
-1.9793152,1.6716,1500
3.6703749,2.9269328,1500
9.718508,-1.685548,1500
4.716973,1.2809446,1500
6.271581,-1.573895,1500
4.3925323,3.1888015,1500
4.4881053,-2.3907485,1500
8.000085,0.28353134,1500
2.2650726,4.0770216,1500
5.111586,-0.58092046,1500
10.601636,-6.3507833,1500
7.4334106,-0.096906826,1500
4.764158,-2.6505444,1500
9.237317,0.053948432,1500
4.826752,-0.8479894,1500
6.386769,-0.7073331,1500
17.354471,-10.648311,1500
22.16872,-16.518318,1500
16.053118,-7.8967094,1500
14.013598,-12.28731,1500
10.947128,-6.6480064,1500
11.293868,-0.65052766,1500
12.895508,-11.201882,1500
5.85264,-4.4430323,1500
7.413648,-3.5134354,1500
11.4929695,-7.496864,1500
6.244768,-2.3948076,1500
11.325351,-5.3059726,1500
13.948286,-8.454391,1500
11.775685,-1.902784,1500
15.0926895,-5.5251813,1500
9.809686,-6.794523,1500
13.419316,-5.5883327,1500
11.743556,5.573822,1500
17.607014,-8.800439,1500
16.504015,-9.260078,1500
8.737385,-5.126808,1500
4.359367,-4.021669,1500
2.079362,0.32054093,1500
5.758477,-0.5061291,1500
4.001094,-1.5621324,1500
0.11914408,2.803808,1500
0.6521667,-0.2226344,1500
-0.2874015,0.7939005,1500
5.4811177,-3.5772212,1500
4.1005297,-1.9923489,1500
4.7489862,-2.34155,1500
2.1480339,-0.6187445,1500
6.518536,-1.5200213,1500
11.401487,0.7898113,1500
3.2653368,3.3930144,1500
1.6597655,-1.1280806,1500
5.93608,-2.4130137,1500
6.561048,1.3681952,1500
0.25987893,1.751629,1500
4.8766627,-0.47821835,1500
11.076408,-5.5429378,1500
10.091242,-5.826428,1500
16.26663,-10.902764,1500
10.4041,1.8855903,1500
7.898892,-4.7859583,1500
11.616595,-4.0239267,1500
8.388655,2.459679,1500
11.606308,-1.2939454,1500
7.4125934,-5.7307696,1500
7.847321,-6.4653683,1500
6.7772083,-6.5344877,1500
5.2631574,0.15658134,1500
9.608727,-6.944476,1500
4.3682303,-2.0774093,1500
1.677528,-2.293525,1500
-0.68538344,2.0701413,1500
-2.1954494,6.427778,1500
0.81203914,0.34279612,1500
7.580804,-0.5523887,1500
4.7220035,-3.1135964,1500
2.302654,3.0457854,1500
10.962133,8.436106,1500
0.6058551,-0.9465027,1500
9.073929,-2.8870142,1500
-0.1937999,1.75666,1500
5.8671412,4.0690546,1500
1.2026267,2.8845,1500
2.3249645,-0.80518943,1500
-0.5009775,1.4515532,1500
1.8382069,1.146034,1500
8.489103,0.5319975,1500
1.4374468,4.5088196,1500
0.16516985,1.6506482,1500
1.0512093,7.2875404,1500
-0.36037192,4.8869705,1500
7.719734,-0.59862465,1500
2.9850051,-4.1022463,1500
5.528885,-2.5732367,1500
12.848148,4.3966227,1500
1.0667692,0.96725625,1500
11.075113,-5.2991805,1500
3.4115698,1.5711917,1500
6.6779757,-1.855878,1500
2.1703346,2.3661366,1500
8.183322,-2.2414072,1500
2.6446807,-2.829366,1500
0.5022372,0.8066866,1500
2.35144,2.0728278,1500
1.090348,2.8000453,1500
7.507305,5.1970825,1500
9.534834,-6.4380884,1500
19.3904,-10.774174,1500
3.9622462,-2.972657,1500
5.9824586,-2.5448318,1500
8.989623,2.0188382,1500
2.8540092,2.4496148,1500
-2.0661135,-1.9644003,1500
9.848682,-1.7024448,1500
7.4793763,2.2911148,1500
7.269164,-2.433685,1500
9.800542,-5.946022,1500
22.907253,-16.118372,1500
7.1156116,-4.8512573,1500
9.353935,-6.6826944,1500
7.081894,-0.92394346,1500
5.523844,0.07906613,1500
2.6012464,3.8481517,1500
-0.16164312,0.16467467,1500
0.48175725,-1.2848966,1500
1.6515315,-0.9410481,1500
-0.95060414,-0.42399582,1500
-1.4212762,0.25168574,1500
4.0970016,-0.8328052,1500
0.21187839,1.1842117,1500
-2.197533,2.6974459,1500
-0.5283925,0.99727046,1500
-2.6541982,3.1538255,1500
-5.6276298,4.396385,1500
0.7394825,1.7208714,1500
-5.1137223,0.69069123,1500
8.219141,-6.4106865,1500
13.046581,-3.1848848,1500
3.5566885,-2.9371877,1500
8.8004055,-1.0594548,1500
1.1566366,2.1359932,1500
3.4557834,-0.5141681,1500
0.12253884,-0.9657515,1500
1.4531763,2.5503561,1500
-1.0483361,4.197038,1500
-0.13228436,7.077231,1500
-2.3889673,2.1569312,1500
-1.659818,1.4297704,1500
-4.942049,4.3758907,1500
-1.508424,2.829553,1500
2.624384,-3.2259955,1500
5.0013757,-3.9335966,1500
3.8814826,0.5927835,1500
1.7008926,0.17009985,1500
7.5792828,-2.1261945,1500
1.8061817,-2.9030209,1500
4.7596498,-4.033875,1500
7.6652985,-2.2185144,1500
6.923512,-3.5714493,1500
6.1467824,1.9367208,1500
1.8880873,-0.03459514,1500
1.4672489,3.800679,1500
8.029883,-3.819437,1500
3.9423337,-1.0608621,1500
8.430158,3.8259985,1500
1.9840748,0.7215289,1500
3.7165465,-4.1846566,1500
-1.1850214,-1.441556,1500
-1.8195492,-0.22229327,1500
5.0062723,-2.6121223,1500
1.8841573,2.9830947,1500
4.550839,-1.2654657,1500
5.755304,1.5440866,1500
1.9835073,-1.9310081,1500
3.1202989,0.00024696268,1500
-2.1730895,3.1890724,1500
-0.18386713,0.42225173,1500
6.989978,-2.1151197,1500
2.126988,-4.224619,1500
0.72631794,-0.33516946,1500
-0.8545739,-0.64499605,1500
2.833274,-0.26881018,1500
3.261748,-1.480606,1500
1.7006012,-1.4459713,1500
5.2657065,0.48879415,1500
6.5228047,-0.88735485,1500
1.5915313,-0.177415,1500
1.8167596,-2.8262486,1500
3.5019162,-4.368404,1500
8.77534,-4.5937037,1500
7.169731,-4.348503,1500
8.281982,-1.2793318,1500
4.682406,-1.0835826,1500
3.892081,1.2814636,1500
7.197816,1.2239009,1500
1.5645536,1.0926818,1500
4.1437654,0.55843234,1500
2.4756753,2.4836047,1500
4.7761393,-0.22809243,1500
-0.2128387,-0.9378434,1500
-0.32156286,3.1055627,1500
0.64422226,-0.71449476,1500
-0.95894367,0.899348,1500
-1.5427177,1.3217839,1500
0.805421,-2.1439972,1500
-1.0310531,3.8855546,1500
2.4792907,2.8719113,1500
-1.4233128,1.1376772,1500
-1.4497184,5.036768,1500
2.4542866,6.451004,1500
-0.48547706,6.068793,1500
5.1875954,9.243058,1500
-1.3635769,3.9339976,1500
-0.022334822,2.754763,1500
-1.6396108,2.5009737,1500
1.8297044,3.891349,1500
1.6970215,-0.42041376,1500
-1.7592818,2.4466946,1500
-0.36596578,9.560068,1500
-1.3806261,0.35602832,1500
6.2438507,5.9814277,1500
0.8434041,2.3746095,1500
5.7665477,-1.6200029,1500
3.8269548,-1.2123067,1500
1.4811965,2.5692027,1500
8.826197,-1.250452,1500
3.714988,1.315212,1500
10.459085,-0.20129831,1500
7.603876,-3.0809093,1500
4.5035787,-3.688331,1500
4.4425707,-3.9587603,1500
11.794393,-3.5093596,1500
5.887028,-2.1191194,1500
-18.50764,-3.0353527,2000
-19.06461,-1.8655612,2000
-20.21132,-2.8810391,2000
-17.54812,-0.90542495,2000
-19.464132,-2.81871,2000
-20.904154,-3.9326906,2000
-19.218613,-2.094743,2000
-19.66244,-5.4553347,2000
-17.150991,-0.8265963,2000
-16.173485,-0.14909904,2000
-17.563147,-3.6843317,2000
-17.075365,-2.5754385,2000
-19.73108,-5.117233,2000
-19.375565,-2.376973,2000
-18.763922,-3.5057805,2000
-17.083641,-0.35567278,2000
-18.378138,-2.4350219,2000
-19.024288,-1.9828242,2000
-18.952843,-3.315584,2000
-16.884655,0.14486746,2000
-18.051622,-1.8115559,2000
-16.823664,-2.8723989,2000
-18.187454,-2.8421912,2000
-17.969618,-1.6382347,2000
-16.646173,-0.78556556,2000
-18.760132,-1.4905242,2000
-19.143026,-2.1512465,2000
-19.383654,-3.5030234,2000
-18.878893,-1.9255457,2000
-17.00239,-0.50597775,2000
-17.854612,-1.1152438,2000
-17.638016,-0.62949383,2000
-16.195763,-0.6560102,2000
-17.586843,-0.9524767,2000
-18.865103,-1.6436123,2000
-17.564905,-0.9773367,2000
-18.619518,-2.0633938,2000
-14.636116,1.1263791,2000
-17.30665,-0.4886817,2000
-16.343153,0.08960965,2000
-16.693968,-0.07982404,2000
-19.010345,-4.652536,2000
-19.276676,-3.494662,2000
-18.050066,-2.073252,2000
-17.243593,-0.8785373,2000
-17.479778,-1.6604425,2000
-19.292461,-2.7770474,2000
-17.050238,-4.3928943,2000
-19.521603,-3.4535835,2000
-17.11899,-0.96733993,2000
-17.39323,-0.87908065,2000
-21.938465,-6.137135,2000
-19.942312,-2.5792007,2000
-17.820177,-2.156174,2000
-11.011106,2.346638,2000
-17.16403,-1.7768067,2000
-19.405548,-1.9340249,2000
-18.04147,-1.044969,2000
-18.914364,-2.2338111,2000
-15.677896,0.86913854,2000
-17.235144,-1.8597362,2000
-16.52319,-1.4683883,2000
-16.828012,-4.7972803,2000
-19.7637,-2.3399482,2000
-19.388948,-3.8356173,2000
-12.136046,-0.87049305,2000
-18.558992,-3.0365047,2000
-18.506765,-1.252848,2000
-17.79074,-1.3967946,2000
-18.419512,-1.7107494,2000
-18.574636,-2.2857256,2000
-16.743372,-0.46175995,2000
-17.367155,-2.023105,2000
-17.809414,-2.08247,2000
-18.83429,-2.315401,2000
-18.3892,-1.5786955,2000
-18.16183,-2.756691,2000
-17.864252,-0.7160393,2000
-17.220922,-0.53364885,2000
-17.817146,-0.9369397,2000
-16.347057,-2.717539,2000
-18.182253,-1.4621115,2000
-20.863394,-5.048971,2000
-19.208828,-1.7701398,2000
-17.501398,-0.8691964,2000
-18.488577,-1.7952691,2000
-15.75135,0.66947293,2000
-18.396832,-1.6622951,2000
-16.103157,-2.728085,2000
-19.227318,-2.8401053,2000
-16.60146,-0.5245936,2000
-18.761295,-1.4732866,2000
-21.030785,-3.3216403,2000
-18.695118,-3.3231652,2000
-18.769735,-3.0136487,2000
-17.434452,-3.9430423,2000
-19.441528,-4.144432,2000
-18.838903,-2.0635974,2000
-18.074675,-1.6297601,2000
-18.011116,-1.472179,2000
-17.812489,-1.0196623,2000
-16.43767,-0.95852953,2000
-17.532331,-1.1059896,2000
-19.131239,-2.6398628,2000
-18.848833,-2.7197995,2000
-17.97885,-2.0591273,2000
-17.94063,-1.5075388,2000
-15.419919,-0.40366074,2000
-15.680295,-0.43477327,2000
-19.266705,-2.7630417,2000
-20.268105,-5.2051177,2000
-17.901207,-1.3800347,2000
-17.933336,-2.302111,2000
-16.884127,-0.3703281,2000
-19.325205,-1.9547234,2000
-14.757056,-1.3531735,2000
-17.353777,-2.0413077,2000
-17.169365,-1.7660596,2000
-19.08927,-2.6002653,2000
-15.252978,-1.83995,2000
-16.974918,-1.4325497,2000
-19.427301,-2.5152764,2000
-17.956686,-1.3915421,2000
-17.718388,-2.460909,2000
-17.252932,-0.16817786,2000
-15.997679,0.015004673,2000
-18.454437,-3.0927885,2000
-18.692852,-1.9001002,2000
-19.049793,-2.450195,2000
-18.882084,-2.6235893,2000
-14.2368965,1.1579517,2000
-15.978832,-2.4731705,2000
-17.712406,-0.7835969,2000
-17.893661,-1.4003097,2000
-15.712508,-0.787625,2000
-17.885859,-1.1557788,2000
-18.586046,-1.2150947,2000
-18.696177,-6.9405713,2000
-18.15997,-1.5478224,2000
-17.46396,-0.68182206,2000
-18.731894,-1.4146394,2000
-14.823973,-0.4480178,2000
-16.700253,-1.6640782,2000
-16.026012,-0.66626334,2000
-18.63868,-1.4316021,2000
-16.960321,-0.24420518,2000
-18.427814,-1.5222884,2000
-18.96035,-1.7565677,2000
-17.469822,-2.8753014,2000
-17.635267,-0.5173497,2000
-18.50764,-1.7076265,2000
-18.450819,-3.5241108,2000
-17.732958,-1.8926355,2000
-17.312195,-0.5407478,2000
-16.556345,-0.17650564,2000
-18.088066,-1.3833205,2000
-17.66635,-1.4006238,2000
-18.410732,-1.2974868,2000
-18.558481,-1.5473341,2000
-19.284323,-3.4141204,2000
-13.994193,-0.19897527,2000
-17.907072,-1.2287055,2000
-20.865566,-3.4826455,2000
-18.46343,-2.500415,2000
-19.365173,-2.0408642,2000
-16.73883,-0.4443067,2000
-17.45141,-0.7873082,2000
-18.28229,-2.2263682,2000
-19.565573,-3.4698176,2000
-17.42344,-1.8042828,2000
-18.308872,-1.7531581,2000
-17.32645,-0.28793705,2000
-19.408154,-1.7321789,2000
-18.959417,-2.7683003,2000
-18.362274,-1.4858094,2000
-19.140738,-2.6612477,2000
-18.551525,-2.1436324,2000
-19.01305,-2.5898244,2000
-18.02171,-1.1346401,2000
-18.061161,-1.6866921,2000
-18.437365,-1.759045,2000
-17.997578,-1.0617902,2000
-15.70969,-0.59717107,2000
-19.606142,-2.8493433,2000
-18.670753,-4.7060146,2000
-16.268534,-0.7671374,2000
-19.114824,-1.914001,2000
-19.510416,-2.0961378,2000
-21.088068,-4.001937,2000
-18.719154,-2.3358,2000
-19.127552,-5.0191483,2000
-18.021759,-3.6110518,2000
-15.937854,-1.1431454,2000
-17.729057,-1.2895001,2000
-15.933902,-2.391273,2000
-17.192562,-1.6845015,2000
-17.850903,-1.6125665,2000
-19.213804,-2.6430106,2000
-18.012554,-2.8263524,2000
-18.403467,-1.4187865,2000
-17.996593,-1.5776114,2000
-18.405956,-3.5018437,2000
-16.74413,-0.35359398,2000
-18.878016,-1.2286423,2000
-18.342346,-1.5624305,2000
-18.689356,-1.7801286,2000
-16.9101,-1.375623,2000
-18.47446,-3.6497698,2000
-18.017935,-1.2993402,2000
-16.963823,-0.39991415,2000
-18.218592,-2.451558,2000
-20.71911,-4.3133674,2000
-17.76156,-1.1609973,2000
-18.218498,-1.8250546,2000
-16.063923,-2.7487025,2000
-18.667894,-2.499708,2000
-18.988283,-2.038149,2000
-19.189999,-3.3829682,2000
-17.197262,-1.1057329,2000
-18.116007,-1.5435032,2000
-18.080301,-1.5599096,2000
-19.388475,-1.9251634,2000
-18.414774,-2.1286554,2000
-19.36636,-2.2412372,2000
-18.520306,-2.1634226,2000
-17.854355,-1.4480581,2000
-20.071138,-2.625049,2000
-17.44999,-0.4668877,2000
-18.584194,-2.850003,2000
-18.232811,-2.656408,2000
-19.279785,-3.7210324,2000
-18.259232,-11.359832,2000
-18.856321,-3.7120876,2000
-17.87281,-2.1473322,2000
-18.27244,-1.9437652,2000
-16.806273,-1.0170383,2000
-14.753036,-3.743374,2000
-18.040918,-1.4132808,2000
-16.597347,-0.5242745,2000
-18.823273,-2.6143034,2000
-18.409906,-1.5706667,2000
-13.07331,-0.44994542,2000
-18.221617,-1.6513829,2000
-18.082119,-1.4453821,2000
-19.179092,-2.9386013,2000
-19.341648,-2.7583194,2000
-20.312347,-2.8020256,2000
-18.781252,-1.8100525,2000
-18.553535,-1.621467,2000
-17.21491,-0.9200901,2000
-17.549936,-3.327845,2000
-18.310236,-0.89899427,2000
-19.16072,-2.5679624,2000
-19.044775,-1.3876038,2000
-19.603716,-7.6306486,2000
-17.67469,-1.0911227,2000
-18.8494,-3.2207446,2000
-21.423723,-4.659403,2000
-19.599218,-10.934025,2000
-17.750668,-0.8647028,2000
-20.71254,-4.1538796,2000
-17.359802,-1.4114693,2000
-11.692307,2.3590257,2000
-16.547182,-0.24332146,2000
-17.252623,-3.9698036,2000
-19.73477,-7.1251016,2000
-17.656406,-3.4102933,2000
-19.170773,-3.061667,2000
-15.52356,0.035437714,2000
-18.35167,-1.8738197,2000
-18.71374,-2.427898,2000
-17.898167,-0.55691046,2000
-18.592093,-2.4455898,2000
-16.61049,-3.833407,2000
-17.271278,-0.5799523,2000
-19.438742,-2.1548266,2000
-20.156284,-2.3029363,2000
-18.522228,-2.3338258,2000
-12.743443,0.14438705,2000
-17.23447,-0.3280641,2000
-18.361004,-1.7916683,2000
-17.391144,-0.34228885,2000
-18.92633,-1.5241112,2000
-19.926014,-3.5405188,2000
-18.469698,-2.074515,2000
-20.698576,-5.2527213,2000
-20.084951,-3.7639213,2000
-18.443745,-1.0949483,2000
-19.04589,-2.696515,2000
-21.66123,-5.1468015,2000
-17.478163,-2.639493,2000
-18.617916,-1.5768687,2000
-17.068,-0.60438734,2000
-18.137447,-1.4316602,2000
-16.214466,-1.2628878,2000
-18.147861,-1.5784273,2000
-19.098745,-4.524713,2000
-17.657574,-1.5953565,2000
-15.263089,-1.4236925,2000
-18.128729,-2.708848,2000
-18.94744,-2.2843962,2000
-17.61468,-2.6104612,2000
-17.362041,-1.3898133,2000
-17.171772,-0.4004271,2000
-18.754097,-2.1347542,2000
-18.88121,-2.9353993,2000
-18.242458,-1.4653777,2000
-19.421791,-2.931252,2000
-18.410902,-2.2155867,2000
-19.835598,-2.914676,2000
-18.209429,-0.9786468,2000
-18.13017,-1.3183907,2000
-17.758654,-1.1575867,2000
-18.848375,-1.8767611,2000
-19.501749,-2.3053238,2000
-18.659023,-1.2757041,2000
-15.551587,0.5777484,2000
-20.23328,-3.1464288,2000
-16.646229,-1.3714938,2000
-18.867088,-2.6624439,2000
-15.834059,0.45105892,2000
-18.282787,-3.1174335,2000
-18.343328,-1.0597482,2000
-18.416128,-2.0809064,2000
-15.74451,0.4689284,2000
-17.41384,-1.0140289,2000
-18.846912,-1.8749735,2000
-17.401966,-0.3146395,2000
-16.4393,0.16251993,2000
-16.7021,-0.27733174,2000
-16.377895,-0.19740827,2000
-14.231074,-3.0195425,2000
-17.448708,-0.8089775,2000
-17.775185,-1.3671179,2000
-17.76602,-1.7794294,2000
-17.78536,-1.5284339,2000
-19.126959,-2.5326076,2000
-17.899548,-1.2943488,2000
-18.200186,-2.2200942,2000
-17.326057,-0.8684669,2000
-18.806143,-1.2870101,2000
-18.666624,-2.4923785,2000
-16.346651,-2.2423997,2000
-18.676723,-1.4957443,2000
-16.77803,-0.458572,2000
-18.128277,-1.6229149,2000
-18.580042,-4.5389266,2000
-17.985971,-0.62018806,2000
-16.252432,-1.6090069,2000
-18.047863,-2.3391492,2000
-18.015535,-1.6150264,2000
-19.306658,-3.290952,2000
-17.667349,-0.86363876,2000
-18.785795,-2.2730007,2000
-18.81906,-2.8331873,2000
-19.523289,-3.021144,2000
-16.90698,-1.7969223,2000
-16.625294,-0.056723647,2000
-16.365038,-4.3278613,2000
-17.496338,-1.0550718,2000
-15.775743,-0.07604992,2000
-17.40924,-0.5642554,2000
-17.866833,-0.824107,2000
-19.605017,-2.3873322,2000
-18.930872,-2.1233609,2000
-19.198252,-3.1439075,2000
-18.089125,-1.7695502,2000
-18.52308,-2.334854,2000
-18.827227,-3.0342534,2000
-17.057333,-0.76927793,2000
-17.607597,-0.3874589,2000
-18.91215,-1.7335768,2000
-18.048283,-1.3874592,2000
-18.07221,-1.4050529,2000
-17.869534,-1.2983497,2000
-19.125235,-2.0719748,2000
-18.49739,-3.246444,2000
-17.846382,-1.2770967,2000
-19.230232,-2.550604,2000
-17.817766,-1.1138307,2000
-15.736446,-3.5348794,2000
-17.212406,-5.1033564,2000
-12.559567,0.41680095,2000
-17.91318,-2.3636098,2000
-18.90113,-2.0420358,2000
-19.036898,-1.6786901,2000
-18.280264,-1.1813296,2000
-17.565517,-1.5850902,2000
-13.693172,1.1140033,2000
-18.989174,-3.3067143,2000
-18.697742,-2.1876385,2000
-17.40365,-0.86835617,2000
-17.6247,-1.1161712,2000
-19.378382,-2.8871791,2000
-18.459152,-1.9808239,2000
-17.293736,-4.0460863,2000
-16.06973,-1.1622078,2000
-20.48645,-4.8780956,2000
-18.904741,-2.3255677,2000
-17.71266,-0.8397127,2000
-19.3325,-2.908228,2000
-19.09268,-2.86182,2000
-19.119728,-2.8888445,2000
-17.773579,-2.0184274,2000
-18.532917,-1.8900393,2000
-17.192978,-0.33315504,2000
-18.1588,-2.1647615,2000
-18.191727,-0.9342265,2000
-17.794931,-1.8418639,2000
-18.667574,-1.9663997,2000
-18.108273,-1.409703,2000
-19.165373,-3.201894,2000
-16.591904,-1.1999547,2000
-18.155323,-1.3016844,2000
-21.297035,-4.0006957,2000
-19.432539,-3.2340612,2000
-18.06882,-1.8910588,2000
-16.125418,-2.1341677,2000
-19.552483,-2.4995391,2000
-20.553667,-3.0738714,2000
-18.829964,-4.1283975,2000
-18.664963,-2.9607396,2000
-19.608479,-2.963217,2000
-17.0827,-2.5270307,2000
-17.040861,-0.9746607,2000
-16.173628,-0.3345117,2000
-17.853674,-1.2642914,2000
-15.672778,-1.2955152,2000
-19.009806,-2.0082338,2000
-18.459955,-2.5965657,2000
-16.954796,-1.1727253,2000
-19.28915,-2.2047572,2000
-19.055117,-2.4443288,2000
-18.121622,-2.9100628,2000
-17.818102,-4.359685,2000
-18.458376,-2.240577,2000
-19.054726,-3.2045143,2000
-19.085466,-4.9502597,2000
-16.934542,-1.1750478,2000
-16.468039,-0.26218677,2000
-16.28219,-0.88568854,2000
-16.941658,-1.7194576,2000
-18.836412,-2.0328834,2000
-16.082178,0.29676,2000
-17.120255,-2.3458812,2000
-15.187159,-1.5339341,2000
-18.58388,-1.9207658,2000
-17.455633,-2.0520122,2000
-19.547098,-4.6604986,2000
-18.54632,-2.3188825,2000
-17.732424,-0.94449514,2000
-17.861668,-1.8653685,2000
-17.820498,-1.0722435,2000
-19.351091,-1.9190673,2000
-17.591719,-1.6586778,2000
-17.390896,-1.4901,2000
-19.246313,-2.1861656,2000
-18.446026,-1.7832525,2000
-17.157812,-0.63518757,2000
-18.401962,-1.5601367,2000
-18.17367,-2.175109,2000
-19.615437,-2.921526,2000
-20.55663,-5.6727695,2000
-17.619423,-1.4277831,2000
-20.277958,-3.202081,2000
-18.377428,-2.1928427,2000
-18.533659,-1.565655,2000
-16.6593,-2.3744938,2000
-20.683483,-3.420896,2000
-20.444126,-2.8290462,2000
-19.097048,-2.4040828,2000
-19.441029,-1.8943732,2000
-17.888363,-2.1721013,2000
-19.512932,-2.6848528,2000
-19.171383,-2.99436,2000
-18.645428,-2.37281,2000
-15.629947,0.6765243,2000
-18.333456,-1.6293787,2000
-19.398577,-3.157469,2000
-18.774702,-2.7604384,2000
-17.27357,-0.53922415,2000
-16.882736,-0.84049857,2000
-17.860374,-0.92369276,2000
-15.023773,0.9152506,2000
-17.546867,-0.45187902,2000
-18.203768,-3.068115,2000
-15.229977,0.1021124,2000
-17.410494,-1.7495476,2000
-17.969156,-0.582062,2000
-18.20103,-2.103468,2000
-18.799894,-2.4864583,2000
-15.964567,0.5027227,2000
-19.657215,-3.344024,2000
-20.262009,-4.707993,2000
-18.504635,-1.1080295,2000
-17.453327,-0.93017966,2000
-17.699514,-1.2440348,2000
-18.214205,-1.8130066,2000
-17.158676,-1.0425467,2000
-15.404434,-1.6370373,2000
4.8592367,6.8753576,500
6.499709,5.740993,500
0.8744163,7.9501457,500
-0.41755617,5.3599277,500
1.4442703,12.626866,500
-1.8627162,9.928969,500
0.508886,13.312216,500
1.4014713,16.69928,500
-3.0940993,6.243938,500
2.2595046,7.9751325,500
-1.5899525,8.579531,500
2.9297202,4.2143264,500
4.1300063,9.285935,500
3.341885,12.200093,500
9.20801,5.975557,500
1.8747878,9.35355,500
0.9958407,1.8817611,500
-5.555837,5.806891,500
-0.76182353,5.6792884,500
-1.8927948,11.327918,500
2.0568888,14.895103,500
-2.7132745,7.5973306,500
2.87033,16.278772,500
1.5868702,8.217339,500
-1.1210572,8.022869,500
2.2791457,13.246524,500
-0.45661542,11.409297,500
-1.1736959,3.518788,500
-4.617009,2.3859868,500
-1.6122054,7.022657,500
0.6883417,13.307603,500
-2.6048343,10.636354,500
0.5300794,12.644933,500
5.0574985,8.888914,500
6.4966903,13.738216,500
-1.7919666,9.293579,500
0.6805003,6.2689404,500
4.536554,5.191395,500
2.7582726,1.1249838,500
7.2123766,10.347946,500
0.91313475,1.8546442,500
4.591617,11.57611,500
7.2075176,2.3761601,500
9.137285,10.275578,500
7.202053,9.791521,500
10.001396,4.300526,500
5.6539264,8.335999,500
10.389179,7.375292,500
8.812634,3.9670565,500
15.146653,8.0201435,500
8.211987,-0.19662473,500
13.755809,5.1603217,500
1.5938892,8.690914,500
2.0408392,12.2761755,500
3.9884553,7.587363,500
1.86568,7.68008,500
8.951767,10.581275,500
3.7389083,3.8568854,500
4.376676,4.266536,500
11.772629,2.6032336,500
1.7826535,9.285644,500
5.4176817,-1.0498176,500
2.7520928,3.502641,500
3.1864223,10.0887,500
2.383814,11.354236,500
4.9275627,6.9577003,500
4.131928,7.2510505,500
9.395366,10.612445,500
9.124182,-1.4908508,500
2.7743223,10.991238,500
5.9242773,5.5412416,500
9.763325,11.499776,500
1.7054007,5.8873587,500
5.3538513,8.136168,500
2.3357902,5.3924327,500
4.6868453,9.717686,500
3.5188472,4.071158,500
4.2233176,8.731826,500
0.9969963,8.214819,500
-3.37953,11.554855,500
4.7367887,15.613682,500
1.1807439,4.9322863,500
-2.4751358,9.788098,500
3.7398915,15.6354265,500
4.2870865,16.271816,500
7.9316864,10.848266,500
2.1321557,10.711849,500
5.779305,23.90043,500
3.1876912,14.740587,500
-2.8459632,8.27803,500
-2.650347,8.518424,500
7.5204906,15.853481,500
1.6472185,9.943484,500
-0.52776235,9.426594,500
0.77582777,11.3753395,500
2.575149,8.443921,500
1.3787763,4.1261907,500
2.9045992,12.993056,500
0.7834687,12.180194,500
7.0247726,14.314055,500
2.0191593,7.8052807,500
2.321665,8.945956,500
6.4455223,14.761392,500
-0.39742818,4.6623807,500
2.9111903,7.4130383,500
2.6282473,9.538648,500
4.32511,6.723632,500
4.976007,8.456536,500
3.070294,5.9030027,500
6.1970754,3.1883075,500
1.4539791,4.267352,500
4.297992,6.624956,500
11.212496,5.322036,500
4.715175,8.470899,500
11.945469,12.352354,500
3.0298455,8.824181,500
2.6518614,6.9369698,500
5.670251,4.452555,500
9.54127,1.6403561,500
1.6577747,0.6463589,500
6.7797365,5.7973504,500
7.260142,13.278895,500
2.6502762,21.0215,500
0.53923583,7.6191473,500
2.6262443,8.575819,500
1.523321,4.679442,500
-6.2821836,4.698618,500
0.3530515,12.687545,500
1.1248842,12.380743,500
4.6452956,6.706134,500
1.624256,9.6376295,500
0.80257064,15.987507,500
-0.93502927,11.181878,500
10.9266405,8.663824,500
8.494606,3.076253,500
0.1255591,4.650766,500
3.7852912,6.138582,500
4.981615,7.980981,500
4.467613,6.198593,500
3.221511,0.070897795,500
2.4343495,-0.653449,500
2.892147,8.271538,500
7.96759,1.1995416,500
19.277905,-0.9886287,500
10.17492,7.227959,500
5.7847834,0.8930187,500
2.6171193,12.442819,500
9.416243,8.552361,500
1.7959784,8.007549,500
3.743692,0.0060190605,500
2.3208787,6.5904818,500
2.932936,7.081665,500
7.7821183,6.4215117,500
4.6746893,4.224915,500
4.7803383,1.9758446,500
2.7631412,4.931788,500
7.4356546,1.1999061,500
12.487477,2.9570308,500
9.62079,10.149403,500
4.9181066,4.8694515,500
5.7668343,7.8213363,500
8.170101,1.1528974,500
8.426003,7.178773,500
4.6267295,-1.1996495,500
5.238389,3.7693744,500
9.090514,8.152521,500
7.761841,4.5204334,500
6.16307,4.030413,500
5.9509673,2.4988282,500
9.296412,11.865914,500
14.498296,-3.3400695,500
-1.6864296,8.416307,500
-0.5840103,8.614475,500
-2.5897272,5.9960876,500
-5.7138143,2.2613282,500
-6.7214456,9.369215,500
-1.8547475,9.163826,500
1.2594643,4.8466215,500
11.293067,-0.7654123,500
4.524725,11.805882,500
4.758374,12.517605,500
0.7251405,4.5432677,500
4.194827,10.310426,500
3.2553122,6.587122,500
2.4362612,2.1309729,500
5.461283,4.7855425,500
4.653297,10.395923,500
12.228339,5.1192617,500
4.5011554,4.981408,500
10.430318,12.972644,500
1.6579261,4.715683,500
3.382251,5.815852,500
12.532555,4.57653,500
4.5718822,10.64974,500
9.915634,13.423481,500
2.8186328,7.7109756,500
-3.126707,8.712783,500
5.9201984,7.0374713,500
2.1323898,6.1441174,500
1.436745,6.861171,500
2.0019035,4.908982,500
2.0842564,15.975991,500
-0.5371343,15.643453,500
1.1103194,10.138437,500
4.675997,12.075398,500
6.110057,7.2513976,500
4.8881254,15.274881,500
1.236735,4.9815664,500
0.08185407,0.75642747,500
1.3332906,12.104689,500
3.508504,7.1203647,500
1.2201295,14.928731,500
9.722383,2.6169674,500
3.9371393,15.392859,500
-0.6603797,14.706721,500
2.27597,16.162437,500
-1.5807065,8.142251,500
2.0778651,12.671491,500
1.1581914,7.2815943,500
6.773463,9.808273,500
-2.076384,12.004801,500
-2.7560303,12.423435,500
-4.165742,12.220121,500
-0.9091434,7.306195,500
-1.9099795,9.107446,500
-1.7620211,9.677707,500
1.8618484,10.443492,500
0.37574714,7.369713,500
-2.4289603,10.631405,500
4.0185227,13.951584,500
-0.15412699,7.832059,500
5.9955106,15.203471,500
1.6484411,8.278809,500
4.3777385,12.4007015,500
3.9459243,1.2770398,500
3.6352096,3.6552918,500
7.6671715,12.759514,500
10.66249,13.841485,500
0.8905322,9.911292,500
5.8835335,7.898453,500
4.64848,12.431882,500
2.9708023,14.059702,500
10.436354,11.303109,500
6.970831,21.145374,500
2.1769912,9.7132015,500
3.2168002,1.3523761,500
3.5879655,13.454666,500
1.4682639,10.08317,500
0.4934719,13.549838,500
1.9481132,13.40648,500
1.4687983,16.921453,500
3.4961128,17.221468,500
2.0394504,1.0168538,500
-1.6855142,10.278502,500
2.0333996,12.6945305,500
2.8904142,17.293308,500
-1.4939413,10.879171,500
3.7871027,10.879383,500
1.7947868,12.055285,500
1.753289,16.607641,500
4.3802485,15.092514,500
5.662328,5.737432,500
5.8921876,15.086506,500
6.941133,19.987883,500
2.0494266,11.733627,500
5.1246424,24.112247,500
5.9829254,10.834403,500
16.353006,11.422396,500
0.20496097,8.724923,500
1.1717476,3.4349682,500
6.517585,12.169793,500
-0.6399773,9.923059,500
5.8112087,13.58302,500
-1.1909418,5.56683,500
4.08533,9.400176,500
1.8919464,5.3789883,500
-2.0332499,12.929156,500
1.5850891,15.835418,500
1.3758234,14.934539,500
6.9054713,14.357407,500
3.0647316,12.44552,500
3.8513656,19.838633,500
3.4611237,11.838995,500
3.5738578,13.645727,500
1.7632754,15.746306,500
-0.72081745,8.670396,500
-2.468652,6.727877,500
-0.105834804,18.63839,500
6.4956307,10.505634,500
3.2373369,13.300893,500
-0.015185396,7.907167,500
6.8798714,19.359812,500
1.0083133,2.5420258,500
0.62486553,10.164622,500
4.081255,5.7422266,500
11.556221,1.3163166,500
3.6146793,7.2721887,500
6.6305237,7.8660007,500
8.434765,3.7112448,500
5.5838714,12.180228,500
-3.4368627,11.529156,500
4.273561,16.552227,500
-0.21175025,14.299803,500
2.6729128,15.686381,500
1.9289101,15.4482155,500
4.0353084,21.025673,500
0.69667506,7.942287,500
3.9854794,13.2077055,500
3.1215234,25.724697,500
7.168251,20.107737,500
4.735209,19.086575,500
3.7108564,16.340118,500
3.5720448,22.399908,500
0.28789777,8.823551,500
0.021969892,10.311008,500
3.1158674,14.226012,500
2.3947735,15.744997,500
1.8767416,3.476319,500
4.3464847,20.365904,500
3.2084954,9.601178,500
7.4667544,21.137949,500
1.5348213,11.1938715,500
6.174684,9.882974,500
-1.1512837,9.783335,500
4.541424,10.311422,500
4.317827,7.617711,500
10.966283,9.08262,500
5.9294853,10.389768,500
4.491877,9.198946,500
9.4056,18.465006,500
6.640795,14.838978,500
6.683451,20.91092,500
2.180872,15.144116,500
12.634904,0.070221625,500
4.3844156,10.681748,500
7.952077,6.669008,500
6.301635,4.087084,500
3.1156452,9.349265,500
4.2684526,10.733488,500
2.9049988,12.016586,500
7.34867,13.749449,500
6.4813757,8.575311,500
4.813994,4.883972,500
15.365791,7.599826,500
4.146276,2.4758823,500
3.8292828,7.003519,500
6.2180734,3.6880662,500
1.665467,7.949351,500
14.654745,4.022798,500
13.018422,3.06753,500
6.066745,-1.2486128,500
7.103116,5.283737,500
1.3998072,6.414105,500
4.3696127,1.0370625,500
8.421189,0.37569296,500
11.040809,2.1021953,500
1.6667482,7.756099,500
5.3450093,4.8583584,500
7.263741,4.565923,500
9.028987,-1.3202212,500
5.090013,6.341687,500
14.531788,7.9895205,500
6.2594776,3.8528194,500
11.563227,1.2455294,500
2.140099,3.28916,500
3.301051,7.981068,500
7.93726,-0.2656772,500
0.12176871,2.1884382,500
2.4378827,-0.8055959,500
2.5696645,3.256388,500
9.276366,3.4402277,500
7.668323,2.8227706,500
-1.2991945,1.5304534,500
7.121375,-1.67263,500
7.040777,-0.5407501,500
8.020556,4.8363957,500
7.2388,4.5190516,500
8.235387,1.88395,500
6.992608,-0.081185944,500
6.9085984,-2.298489,500
10.856239,-0.97748363,500
6.750427,8.739804,500
2.362937,4.952907,500
12.856126,4.4832907,500
21.061321,-6.6741223,500
0.3652071,2.1349616,500
11.455057,-1.7852538,500
15.3377695,-3.2336745,500
7.0070415,7.995977,500
9.837842,-2.0571423,500
13.541339,1.7102947,500
3.4123,3.8302484,500
14.821865,1.6533887,500
4.3687787,1.8605365,500
8.602133,0.24964933,500
7.7281504,1.0761096,500
4.586154,5.879134,500
3.3662682,3.7734742,500
0.20946938,5.6411185,500
5.7216434,1.7118367,500
6.002666,8.879042,500
1.7074959,2.0469291,500
11.75166,0.83937925,500
6.5008016,2.9232895,500
4.014657,6.580292,500
5.2264013,6.4812784,500
1.7266672,9.753805,500
2.9147336,11.839667,500
2.0728033,10.353259,500
0.25886974,3.9799478,500
0.7935945,10.871778,500
0.22586843,12.816813,500
0.59125745,8.117904,500
0.94756025,9.09865,500
3.7900178,10.22491,500
3.6783173,14.958854,500
2.51094,13.900023,500
5.132902,11.706058,500
7.2537875,14.991374,500
4.2328877,7.7376957,500
0.6256273,7.894217,500
-0.67627,7.075568,500
2.5533133,6.749162,500
1.0334971,11.24849,500
-0.24063769,14.275664,500
4.3878307,7.8782897,500
6.0919437,21.405334,500
0.30942595,10.222113,500
-2.3593938,10.146729,500
-2.0825608,8.5059185,500
4.917979,17.041948,500
4.5884895,14.461635,500
5.319355,11.72565,500
1.8551848,12.007411,500
7.5918922,8.547972,500
2.4629016,11.311979,500
1.5313094,9.046181,500
-1.9338222,7.876495,500
3.444424,8.898194,500
5.849193,10.928106,500
4.1492696,5.530428,500
-1.4692734,7.3879952,500
6.0962048,0.9454979,500
6.878472,8.13087,500
9.038523,12.762565,500
6.0880246,9.513195,500
6.203077,9.453485,500
3.6218228,2.9364314,500
9.13288,6.881033,500
5.5230293,4.912117,500
2.0392396,11.899664,500
0.83644444,11.624537,500
-0.5130558,6.8628707,500
3.0563896,13.335215,500
2.6477401,12.058115,500
0.5969023,6.906399,500
-1.1367022,7.948338,500
1.5012027,5.452617,500
2.5686917,10.894596,500
2.784896,12.355531,500
4.777313,17.017233,500
3.1494665,7.097332,500
3.340517,6.1225367,500
14.1847,7.052378,500
-2.4051025,4.0039697,500
1.7489231,2.5815263,500
0.22518724,8.64053,500
1.9840101,6.3047996,500
0.086916655,2.6433592,500
4.188269,16.270924,500
5.497598,14.37309,500
2.6559968,9.895412,500
1.7490798,8.604758,500
-1.4815028,11.286271,500
-3.4095306,7.152964,500
0.6264386,9.343756,500
1.636635,15.868254,500
2.0847857,15.647266,500
5.126705,18.423943,500
-1.7502629,8.935337,500
1.9069408,8.89887,500
4.7831545,13.392346,500
9.237886,15.069712,500
3.7400765,13.202429,500
-1.6704634,7.73748,500
5.916453,11.479422,500
5.29213,20.525238,500
1.2064377,8.613834,500
3.5855038,15.723213,500
4.806955,8.143534,500
9.9311285,8.410398,500
1.0425497,4.3008494,500
-0.007415702,4.849944,500
7.1633816,11.07424,500
5.4859023,14.804776,500
6.5960155,1.5542932,500
0.73691285,3.616813,500
7.0178933,6.8390656,500
9.631265,3.3138912,500
13.8998375,0.4335275,500
