Sample,True Label,Pred Label,Correct
0,0,0,1
1,0,0,1
2,0,500,0
3,0,0,1
4,0,0,1
5,0,500,0
6,0,0,1
7,0,0,1
8,0,0,1
9,0,0,1
10,0,0,1
11,0,500,0
12,0,0,1
13,0,0,1
14,0,500,0
15,0,0,1
16,0,500,0
17,0,0,1
18,0,0,1
19,0,500,0
20,0,0,1
21,0,500,0
22,0,0,1
23,0,0,1
24,0,0,1
25,0,500,0
26,0,0,1
27,0,0,1
28,0,1500,0
29,0,1500,0
30,0,500,0
31,0,0,1
32,0,0,1
33,0,0,1
34,0,1500,0
35,0,0,1
36,0,0,1
37,0,0,1
38,0,0,1
39,0,500,0
40,0,0,1
41,0,0,1
42,0,0,1
43,0,0,1
44,0,0,1
45,0,0,1
46,0,0,1
47,0,0,1
48,0,0,1
49,0,0,1
50,0,0,1
51,0,1000,0
52,0,0,1
53,0,0,1
54,0,0,1
55,0,0,1
56,0,0,1
57,0,0,1
58,0,0,1
59,0,0,1
60,0,0,1
61,0,0,1
62,0,1500,0
63,0,1000,0
64,0,0,1
65,0,0,1
66,0,0,1
67,0,0,1
68,0,0,1
69,0,1000,0
70,0,1000,0
71,0,1000,0
72,0,1000,0
73,0,1000,0
74,0,1000,0
75,0,0,1
76,0,1000,0
77,0,1000,0
78,0,0,1
79,0,0,1
80,0,1500,0
81,0,0,1
82,0,0,1
83,0,0,1
84,0,1500,0
85,0,0,1
86,0,0,1
87,0,0,1
88,0,1500,0
89,0,0,1
90,0,0,1
91,0,500,0
92,0,0,1
93,0,0,1
94,0,500,0
95,0,0,1
96,0,500,0
97,0,0,1
98,0,0,1
99,0,0,1
100,0,0,1
101,0,0,1
102,0,0,1
103,0,0,1
104,0,0,1
105,0,0,1
106,0,0,1
107,0,500,0
108,0,0,1
109,0,500,0
110,0,0,1
111,0,0,1
112,0,500,0
113,0,0,1
114,0,0,1
115,0,500,0
116,0,500,0
117,0,500,0
118,0,0,1
119,0,0,1
120,0,0,1
121,0,0,1
122,0,500,0
123,0,0,1
124,0,0,1
125,0,0,1
126,0,0,1
127,0,500,0
128,0,500,0
129,0,0,1
130,0,0,1
131,0,0,1
132,0,0,1
133,0,0,1
134,0,0,1
135,0,0,1
136,0,0,1
137,0,0,1
138,0,0,1
139,0,0,1
140,0,0,1
141,0,500,0
142,0,500,0
143,0,500,0
144,0,0,1
145,0,0,1
146,0,1500,0
147,0,1000,0
148,0,0,1
149,0,0,1
150,0,0,1
151,0,1000,0
152,0,0,1
153,0,0,1
154,0,1500,0
155,0,0,1
156,0,0,1
157,0,0,1
158,0,0,1
159,0,1000,0
160,0,1500,0
161,0,0,1
162,0,1000,0
163,0,0,1
164,0,0,1
165,0,1000,0
166,0,1000,0
167,0,0,1
168,0,0,1
169,0,1000,0
170,0,0,1
171,0,0,1
172,0,0,1
173,0,0,1
174,0,0,1
175,0,0,1
176,0,0,1
177,0,0,1
178,0,0,1
179,0,0,1
180,0,500,0
181,0,0,1
182,0,1500,0
183,0,0,1
184,0,0,1
185,0,0,1
186,0,0,1
187,0,0,1
188,0,500,0
189,0,1500,0
190,0,1500,0
191,0,1500,0
192,0,1500,0
193,0,0,1
194,0,0,1
195,0,0,1
196,0,0,1
197,0,0,1
198,0,0,1
199,0,0,1
200,0,0,1
201,0,1500,0
202,0,0,1
203,0,0,1
204,0,0,1
205,0,1500,0
206,0,0,1
207,0,0,1
208,0,1500,0
209,0,1500,0
210,0,0,1
211,0,1000,0
212,0,0,1
213,0,500,0
214,0,0,1
215,0,0,1
216,0,0,1
217,0,0,1
218,0,1500,0
219,0,0,1
220,0,1000,0
221,0,0,1
222,0,1500,0
223,0,0,1
224,0,1500,0
225,0,0,1
226,0,0,1
227,0,0,1
228,0,0,1
229,0,0,1
230,0,0,1
231,0,0,1
232,0,0,1
233,0,0,1
234,0,0,1
235,0,0,1
236,0,0,1
237,0,0,1
238,0,500,0
239,0,0,1
240,0,0,1
241,0,0,1
242,0,0,1
243,0,1000,0
244,0,0,1
245,0,0,1
246,0,0,1
247,0,0,1
248,0,0,1
249,0,0,1
250,0,0,1
251,0,0,1
252,0,0,1
253,0,0,1
254,0,500,0
255,0,0,1
256,0,0,1
257,0,1000,0
258,0,0,1
259,0,0,1
260,0,0,1
261,0,0,1
262,0,0,1
263,0,0,1
264,0,0,1
265,0,0,1
266,0,0,1
267,0,0,1
268,0,1500,0
269,0,0,1
270,0,0,1
271,0,0,1
272,0,500,0
273,0,0,1
274,0,0,1
275,0,0,1
276,0,0,1
277,0,1500,0
278,0,500,0
279,0,0,1
280,0,0,1
281,0,0,1
282,0,0,1
283,0,0,1
284,0,0,1
285,0,0,1
286,0,0,1
287,0,0,1
288,0,0,1
289,0,500,0
290,0,0,1
291,0,0,1
292,0,0,1
293,0,0,1
294,0,500,0
295,0,0,1
296,0,0,1
297,0,0,1
298,0,0,1
299,0,0,1
300,0,500,0
301,0,500,0
302,0,0,1
303,0,0,1
304,0,0,1
305,0,0,1
306,0,0,1
307,0,500,0
308,0,0,1
309,0,0,1
310,0,0,1
311,0,500,0
312,0,0,1
313,0,0,1
314,0,500,0
315,0,0,1
316,0,0,1
317,0,0,1
318,0,0,1
319,0,0,1
320,0,0,1
321,0,0,1
322,0,0,1
323,0,0,1
324,0,0,1
325,0,0,1
326,0,0,1
327,0,1500,0
328,0,0,1
329,0,500,0
330,0,500,0
331,0,0,1
332,0,0,1
333,0,0,1
334,0,500,0
335,0,0,1
336,0,0,1
337,0,0,1
338,0,500,0
339,0,500,0
340,0,500,0
341,0,1500,0
342,0,500,0
343,0,0,1
344,0,0,1
345,0,0,1
346,0,0,1
347,0,0,1
348,0,500,0
349,0,0,1
350,0,0,1
351,0,0,1
352,0,0,1
353,0,0,1
354,0,0,1
355,0,0,1
356,0,0,1
357,0,500,0
358,0,0,1
359,0,0,1
360,0,500,0
361,0,0,1
362,0,0,1
363,0,0,1
364,0,0,1
365,0,500,0
366,0,0,1
367,0,0,1
368,0,0,1
369,0,0,1
370,0,0,1
371,0,0,1
372,0,0,1
373,0,0,1
374,0,0,1
375,0,0,1
376,0,0,1
377,0,0,1
378,0,500,0
379,0,0,1
380,0,0,1
381,0,0,1
382,0,0,1
383,0,0,1
384,0,0,1
385,0,0,1
386,0,0,1
387,0,500,0
388,0,0,1
389,0,0,1
390,0,0,1
391,0,500,0
392,0,0,1
393,0,0,1
394,0,0,1
395,0,0,1
396,0,500,0
397,0,0,1
398,0,0,1
399,0,500,0
400,0,500,0
401,0,0,1
402,0,0,1
403,0,0,1
404,0,0,1
405,0,0,1
406,0,500,0
407,0,0,1
408,0,500,0
409,0,0,1
410,0,0,1
411,0,0,1
412,0,0,1
413,0,0,1
414,0,0,1
415,0,0,1
416,0,0,1
417,0,0,1
418,0,0,1
419,0,0,1
420,0,500,0
421,0,0,1
422,0,0,1
423,0,0,1
424,0,500,0
425,0,0,1
426,0,0,1
427,0,500,0
428,0,0,1
429,0,500,0
430,0,0,1
431,0,0,1
432,0,0,1
433,0,0,1
434,0,0,1
435,0,0,1
436,0,0,1
437,0,500,0
438,0,0,1
439,0,0,1
440,0,0,1
441,0,0,1
442,0,500,0
443,0,0,1
444,0,0,1
445,0,500,0
446,0,0,1
447,0,500,0
448,0,500,0
449,0,500,0
450,0,0,1
451,0,0,1
452,0,0,1
453,0,500,0
454,0,0,1
455,0,500,0
456,0,500,0
457,0,500,0
458,0,500,0
459,0,0,1
460,0,500,0
461,0,0,1
462,0,1500,0
463,0,0,1
464,0,0,1
465,0,500,0
466,0,0,1
467,0,500,0
468,0,0,1
469,0,500,0
470,0,500,0
471,0,500,0
472,0,1500,0
473,0,0,1
474,0,0,1
475,0,0,1
476,0,0,1
477,0,0,1
478,0,0,1
479,0,0,1
480,0,0,1
481,0,0,1
482,0,500,0
483,0,0,1
484,0,500,0
485,0,1500,0
486,0,0,1
487,0,0,1
488,0,0,1
489,0,0,1
490,0,0,1
491,0,1500,0
492,0,500,0
493,0,0,1
494,0,0,1
495,0,0,1
496,0,0,1
497,0,0,1
498,0,0,1
499,0,0,1
500,100,100,1
501,100,100,1
502,100,100,1
503,100,100,1
504,100,100,1
505,100,100,1
506,100,100,1
507,100,2000,0
508,100,100,1
509,100,100,1
510,100,2000,0
511,100,100,1
512,100,100,1
513,100,100,1
514,100,100,1
515,100,100,1
516,100,100,1
517,100,2000,0
518,100,100,1
519,100,100,1
520,100,100,1
521,100,100,1
522,100,100,1
523,100,2000,0
524,100,100,1
525,100,100,1
526,100,100,1
527,100,100,1
528,100,100,1
529,100,100,1
530,100,100,1
531,100,100,1
532,100,100,1
533,100,2000,0
534,100,100,1
535,100,100,1
536,100,100,1
537,100,100,1
538,100,100,1
539,100,100,1
540,100,100,1
541,100,100,1
542,100,100,1
543,100,100,1
544,100,100,1
545,100,100,1
546,100,100,1
547,100,100,1
548,100,100,1
549,100,2000,0
550,100,100,1
551,100,100,1
552,100,100,1
553,100,100,1
554,100,100,1
555,100,2000,0
556,100,100,1
557,100,100,1
558,100,100,1
559,100,100,1
560,100,100,1
561,100,2000,0
562,100,100,1
563,100,100,1
564,100,100,1
565,100,100,1
566,100,100,1
567,100,100,1
568,100,100,1
569,100,100,1
570,100,100,1
571,100,100,1
572,100,100,1
573,100,100,1
574,100,100,1
575,100,100,1
576,100,100,1
577,100,100,1
578,100,100,1
579,100,100,1
580,100,100,1
581,100,100,1
582,100,100,1
583,100,100,1
584,100,100,1
585,100,100,1
586,100,100,1
587,100,100,1
588,100,100,1
589,100,100,1
590,100,100,1
591,100,100,1
592,100,100,1
593,100,100,1
594,100,100,1
595,100,100,1
596,100,100,1
597,100,100,1
598,100,100,1
599,100,100,1
600,100,100,1
601,100,100,1
602,100,2000,0
603,100,100,1
604,100,100,1
605,100,100,1
606,100,100,1
607,100,100,1
608,100,100,1
609,100,100,1
610,100,100,1
611,100,100,1
612,100,2000,0
613,100,100,1
614,100,100,1
615,100,100,1
616,100,100,1
617,100,100,1
618,100,100,1
619,100,100,1
620,100,100,1
621,100,100,1
622,100,2000,0
623,100,100,1
624,100,100,1
625,100,100,1
626,100,100,1
627,100,2000,0
628,100,100,1
629,100,100,1
630,100,100,1
631,100,100,1
632,100,100,1
633,100,100,1
634,100,100,1
635,100,100,1
636,100,2000,0
637,100,100,1
638,100,100,1
639,100,100,1
640,100,100,1
641,100,100,1
642,100,2000,0
643,100,100,1
644,100,100,1
645,100,100,1
646,100,100,1
647,100,100,1
648,100,100,1
649,100,100,1
650,100,100,1
651,100,100,1
652,100,2000,0
653,100,100,1
654,100,100,1
655,100,100,1
656,100,100,1
657,100,100,1
658,100,100,1
659,100,100,1
660,100,100,1
661,100,100,1
662,100,100,1
663,100,100,1
664,100,100,1
665,100,100,1
666,100,100,1
667,100,100,1
668,100,100,1
669,100,100,1
670,100,100,1
671,100,2000,0
672,100,100,1
673,100,100,1
674,100,100,1
675,100,100,1
676,100,100,1
677,100,100,1
678,100,100,1
679,100,100,1
680,100,100,1
681,100,100,1
682,100,100,1
683,100,100,1
684,100,100,1
685,100,100,1
686,100,100,1
687,100,100,1
688,100,100,1
689,100,100,1
690,100,100,1
691,100,100,1
692,100,100,1
693,100,100,1
694,100,100,1
695,100,100,1
696,100,100,1
697,100,100,1
698,100,100,1
699,100,100,1
700,100,100,1
701,100,100,1
702,100,100,1
703,100,100,1
704,100,100,1
705,100,100,1
706,100,100,1
707,100,100,1
708,100,100,1
709,100,100,1
710,100,100,1
711,100,100,1
712,100,100,1
713,100,2000,0
714,100,100,1
715,100,100,1
716,100,100,1
717,100,100,1
718,100,100,1
719,100,100,1
720,100,2000,0
721,100,100,1
722,100,2000,0
723,100,100,1
724,100,100,1
725,100,100,1
726,100,100,1
727,100,100,1
728,100,100,1
729,100,100,1
730,100,100,1
731,100,100,1
732,100,100,1
733,100,100,1
734,100,100,1
735,100,100,1
736,100,100,1
737,100,100,1
738,100,100,1
739,100,100,1
740,100,2000,0
741,100,100,1
742,100,100,1
743,100,100,1
744,100,100,1
745,100,100,1
746,100,2000,0
747,100,100,1
748,100,100,1
749,100,100,1
750,100,100,1
751,100,100,1
752,100,100,1
753,100,100,1
754,100,100,1
755,100,100,1
756,100,100,1
757,100,100,1
758,100,100,1
759,100,100,1
760,100,100,1
761,100,100,1
762,100,100,1
763,100,100,1
764,100,100,1
765,100,2000,0
766,100,100,1
767,100,100,1
768,100,100,1
769,100,2000,0
770,100,100,1
771,100,100,1
772,100,100,1
773,100,100,1
774,100,100,1
775,100,100,1
776,100,100,1
777,100,100,1
778,100,100,1
779,100,100,1
780,100,100,1
781,100,2000,0
782,100,100,1
783,100,100,1
784,100,100,1
785,100,100,1
786,100,100,1
787,100,100,1
788,100,100,1
789,100,100,1
790,100,100,1
791,100,100,1
792,100,100,1
793,100,100,1
794,100,100,1
795,100,100,1
796,100,100,1
797,100,100,1
798,100,2000,0
799,100,100,1
800,100,100,1
801,100,100,1
802,100,100,1
803,100,100,1
804,100,100,1
805,100,100,1
806,100,100,1
807,100,100,1
808,100,100,1
809,100,100,1
810,100,100,1
811,100,100,1
812,100,100,1
813,100,100,1
814,100,2000,0
815,100,100,1
816,100,100,1
817,100,100,1
818,100,100,1
819,100,100,1
820,100,100,1
821,100,100,1
822,100,100,1
823,100,100,1
824,100,100,1
825,100,100,1
826,100,100,1
827,100,100,1
828,100,100,1
829,100,100,1
830,100,100,1
831,100,2000,0
832,100,100,1
833,100,100,1
834,100,100,1
835,100,100,1
836,100,100,1
837,100,100,1
838,100,100,1
839,100,100,1
840,100,100,1
841,100,100,1
842,100,100,1
843,100,2000,0
844,100,100,1
845,100,100,1
846,100,100,1
847,100,100,1
848,100,100,1
849,100,100,1
850,100,100,1
851,100,100,1
852,100,100,1
853,100,100,1
854,100,100,1
855,100,100,1
856,100,100,1
857,100,100,1
858,100,100,1
859,100,100,1
860,100,100,1
861,100,100,1
862,100,100,1
863,100,100,1
864,100,100,1
865,100,100,1
866,100,100,1
867,100,2000,0
868,100,100,1
869,100,100,1
870,100,100,1
871,100,100,1
872,100,100,1
873,100,100,1
874,100,100,1
875,100,100,1
876,100,100,1
877,100,100,1
878,100,100,1
879,100,100,1
880,100,100,1
881,100,100,1
882,100,100,1
883,100,100,1
884,100,100,1
885,100,100,1
886,100,100,1
887,100,100,1
888,100,100,1
889,100,100,1
890,100,100,1
891,100,100,1
892,100,100,1
893,100,100,1
894,100,100,1
895,100,100,1
896,100,100,1
897,100,100,1
898,100,100,1
899,100,100,1
900,100,100,1
901,100,100,1
902,100,100,1
903,100,100,1
904,100,100,1
905,100,100,1
906,100,100,1
907,100,100,1
908,100,100,1
909,100,100,1
910,100,100,1
911,100,100,1
912,100,100,1
913,100,100,1
914,100,100,1
915,100,100,1
916,100,100,1
917,100,100,1
918,100,2000,0
919,100,100,1
920,100,100,1
921,100,100,1
922,100,100,1
923,100,2000,0
924,100,100,1
925,100,100,1
926,100,100,1
927,100,100,1
928,100,100,1
929,100,2000,0
930,100,100,1
931,100,100,1
932,100,100,1
933,100,100,1
934,100,100,1
935,100,100,1
936,100,100,1
937,100,100,1
938,100,100,1
939,100,100,1
940,100,100,1
941,100,100,1
942,100,100,1
943,100,2000,0
944,100,100,1
945,100,100,1
946,100,100,1
947,100,100,1
948,100,100,1
949,100,100,1
950,100,100,1
951,100,100,1
952,100,100,1
953,100,100,1
954,100,100,1
955,100,100,1
956,100,100,1
957,100,2000,0
958,100,100,1
959,100,100,1
960,100,100,1
961,100,2000,0
962,100,100,1
963,100,100,1
964,100,100,1
965,100,100,1
966,100,100,1
967,100,100,1
968,100,100,1
969,100,100,1
970,100,2000,0
971,100,100,1
972,100,100,1
973,100,100,1
974,100,100,1
975,100,100,1
976,100,100,1
977,100,100,1
978,100,2000,0
979,100,100,1
980,100,2000,0
981,100,2000,0
982,100,100,1
983,100,100,1
984,100,100,1
985,100,2000,0
986,100,100,1
987,100,100,1
988,100,2000,0
989,100,2000,0
990,100,100,1
991,100,100,1
992,100,100,1
993,100,2000,0
994,100,100,1
995,100,100,1
996,100,100,1
997,100,100,1
998,100,100,1
999,100,100,1
1000,1000,1000,1
1001,1000,1000,1
1002,1000,1000,1
1003,1000,1500,0
1004,1000,1000,1
1005,1000,1000,1
1006,1000,1000,1
1007,1000,1500,0
1008,1000,1000,1
1009,1000,1000,1
1010,1000,1500,0
1011,1000,0,0
1012,1000,1500,0
1013,1000,1000,1
1014,1000,1000,1
1015,1000,1500,0
1016,1000,1000,1
1017,1000,1500,0
1018,1000,1500,0
1019,1000,1000,1
1020,1000,1500,0
1021,1000,1000,1
1022,1000,1500,0
1023,1000,1500,0
1024,1000,500,0
1025,1000,1500,0
1026,1000,500,0
1027,1000,1500,0
1028,1000,1000,1
1029,1000,1000,1
1030,1000,1000,1
1031,1000,1000,1
1032,1000,1000,1
1033,1000,1000,1
1034,1000,1000,1
1035,1000,500,0
1036,1000,1500,0
1037,1000,1500,0
1038,1000,1500,0
1039,1000,1500,0
1040,1000,1500,0
1041,1000,1500,0
1042,1000,1500,0
1043,1000,1500,0
1044,1000,1500,0
1045,1000,0,0
1046,1000,1000,1
1047,1000,500,0
1048,1000,1500,0
1049,1000,1500,0
1050,1000,1000,1
1051,1000,1000,1
1052,1000,1500,0
1053,1000,1000,1
1054,1000,500,0
1055,1000,1000,1
1056,1000,1000,1
1057,1000,1500,0
1058,1000,1000,1
1059,1000,1000,1
1060,1000,1000,1
1061,1000,1000,1
1062,1000,1000,1
1063,1000,1500,0
1064,1000,1000,1
1065,1000,1500,0
1066,1000,1500,0
1067,1000,1500,0
1068,1000,1500,0
1069,1000,1500,0
1070,1000,1500,0
1071,1000,1500,0
1072,1000,1500,0
1073,1000,1500,0
1074,1000,1000,1
1075,1000,1000,1
1076,1000,1000,1
1077,1000,1500,0
1078,1000,1000,1
1079,1000,1500,0
1080,1000,1000,1
1081,1000,1000,1
1082,1000,1000,1
1083,1000,1000,1
1084,1000,1000,1
1085,1000,1500,0
1086,1000,1000,1
1087,1000,1500,0
1088,1000,1500,0
1089,1000,1500,0
1090,1000,1500,0
1091,1000,1500,0
1092,1000,1500,0
1093,1000,1500,0
1094,1000,1500,0
1095,1000,1500,0
1096,1000,1500,0
1097,1000,1500,0
1098,1000,1500,0
1099,1000,1500,0
1100,1000,500,0
1101,1000,1500,0
1102,1000,1500,0
1103,1000,1500,0
1104,1000,1000,1
1105,1000,1000,1
1106,1000,1500,0
1107,1000,1500,0
1108,1000,1500,0
1109,1000,1000,1
1110,1000,1500,0
1111,1000,1000,1
1112,1000,1500,0
1113,1000,500,0
1114,1000,1000,1
1115,1000,500,0
1116,1000,500,0
1117,1000,1500,0
1118,1000,1500,0
1119,1000,500,0
1120,1000,1500,0
1121,1000,0,0
1122,1000,1000,1
1123,1000,1000,1
1124,1000,1000,1
1125,1000,1500,0
1126,1000,1500,0
1127,1000,1000,1
1128,1000,1000,1
1129,1000,1000,1
1130,1000,500,0
1131,1000,500,0
1132,1000,1500,0
1133,1000,1500,0
1134,1000,1500,0
1135,1000,500,0
1136,1000,500,0
1137,1000,1500,0
1138,1000,1000,1
1139,1000,500,0
1140,1000,1000,1
1141,1000,1500,0
1142,1000,500,0
1143,1000,0,0
1144,1000,0,0
1145,1000,1500,0
1146,1000,1500,0
1147,1000,500,0
1148,1000,1000,1
1149,1000,1500,0
1150,1000,1500,0
1151,1000,500,0
1152,1000,1000,1
1153,1000,1000,1
1154,1000,500,0
1155,1000,1500,0
1156,1000,1500,0
1157,1000,1500,0
1158,1000,500,0
1159,1000,1500,0
1160,1000,1500,0
1161,1000,1000,1
1162,1000,0,0
1163,1000,1500,0
1164,1000,1500,0
1165,1000,1500,0
1166,1000,1500,0
1167,1000,1500,0
1168,1000,1000,1
1169,1000,1000,1
1170,1000,1500,0
1171,1000,2000,0
1172,1000,1500,0
1173,1000,1500,0
1174,1000,1500,0
1175,1000,1500,0
1176,1000,1500,0
1177,1000,1500,0
1178,1000,1500,0
1179,1000,1500,0
1180,1000,1500,0
1181,1000,1500,0
1182,1000,500,0
1183,1000,0,0
1184,1000,1500,0
1185,1000,1500,0
1186,1000,1000,1
1187,1000,1000,1
1188,1000,1000,1
1189,1000,1000,1
1190,1000,1000,1
1191,1000,1000,1
1192,1000,1000,1
1193,1000,1000,1
1194,1000,1000,1
1195,1000,1000,1
1196,1000,1000,1
1197,1000,1000,1
1198,1000,1000,1
1199,1000,1000,1
1200,1000,1000,1
1201,1000,1000,1
1202,1000,1000,1
1203,1000,1000,1
1204,1000,500,0
1205,1000,1000,1
1206,1000,1000,1
1207,1000,500,0
1208,1000,1500,0
1209,1000,1500,0
1210,1000,1500,0
1211,1000,1000,1
1212,1000,1500,0
1213,1000,1000,1
1214,1000,1000,1
1215,1000,1500,0
1216,1000,1500,0
1217,1000,1000,1
1218,1000,1500,0
1219,1000,1500,0
1220,1000,1500,0
1221,1000,1000,1
1222,1000,1500,0
1223,1000,1500,0
1224,1000,1500,0
1225,1000,1000,1
1226,1000,1000,1
1227,1000,1500,0
1228,1000,500,0
1229,1000,1500,0
1230,1000,1500,0
1231,1000,1500,0
1232,1000,1000,1
1233,1000,500,0
1234,1000,1500,0
1235,1000,1500,0
1236,1000,1500,0
1237,1000,1500,0
1238,1000,1500,0
1239,1000,1500,0
1240,1000,1500,0
1241,1000,1500,0
1242,1000,1500,0
1243,1000,1500,0
1244,1000,1000,1
1245,1000,1000,1
1246,1000,1500,0
1247,1000,1500,0
1248,1000,1500,0
1249,1000,1500,0
1250,1000,1500,0
1251,1000,1000,1
1252,1000,1500,0
1253,1000,1000,1
1254,1000,1500,0
1255,1000,1500,0
1256,1000,1000,1
1257,1000,1500,0
1258,1000,1500,0
1259,1000,1000,1
1260,1000,1000,1
1261,1000,1000,1
1262,1000,1000,1
1263,1000,1000,1
1264,1000,1000,1
1265,1000,1000,1
1266,1000,1000,1
1267,1000,1000,1
1268,1000,1000,1
1269,1000,1000,1
1270,1000,1000,1
1271,1000,1000,1
1272,1000,1000,1
1273,1000,1000,1
1274,1000,1000,1
1275,1000,1000,1
1276,1000,1000,1
1277,1000,1000,1
1278,1000,1000,1
1279,1000,1000,1
1280,1000,1000,1
1281,1000,1000,1
1282,1000,1000,1
1283,1000,1000,1
1284,1000,1000,1
1285,1000,1000,1
1286,1000,1000,1
1287,1000,1000,1
1288,1000,1000,1
1289,1000,1500,0
1290,1000,1000,1
1291,1000,1000,1
1292,1000,1000,1
1293,1000,1000,1
1294,1000,0,0
1295,1000,1000,1
1296,1000,1000,1
1297,1000,1000,1
1298,1000,1000,1
1299,1000,1000,1
1300,1000,1000,1
1301,1000,1000,1
1302,1000,1000,1
1303,1000,1000,1
1304,1000,1000,1
1305,1000,1000,1
1306,1000,1500,0
1307,1000,1500,0
1308,1000,1500,0
1309,1000,1000,1
1310,1000,1500,0
1311,1000,1000,1
1312,1000,1500,0
1313,1000,1000,1
1314,1000,1000,1
1315,1000,1000,1
1316,1000,1000,1
1317,1000,1000,1
1318,1000,1000,1
1319,1000,1000,1
1320,1000,1000,1
1321,1000,1000,1
1322,1000,1000,1
1323,1000,1000,1
1324,1000,1000,1
1325,1000,1000,1
1326,1000,1000,1
1327,1000,1000,1
1328,1000,1000,1
1329,1000,1000,1
1330,1000,1000,1
1331,1000,1000,1
1332,1000,1000,1
1333,1000,1000,1
1334,1000,1000,1
1335,1000,1000,1
1336,1000,1000,1
1337,1000,1000,1
1338,1000,1000,1
1339,1000,1000,1
1340,1000,1000,1
1341,1000,1000,1
1342,1000,1000,1
1343,1000,1500,0
1344,1000,1500,0
1345,1000,1000,1
1346,1000,1000,1
1347,1000,1000,1
1348,1000,500,0
1349,1000,1000,1
1350,1000,1000,1
1351,1000,1000,1
1352,1000,1000,1
1353,1000,1000,1
1354,1000,0,0
1355,1000,1000,1
1356,1000,1000,1
1357,1000,1000,1
1358,1000,1000,1
1359,1000,1000,1
1360,1000,1000,1
1361,1000,1000,1
1362,1000,1000,1
1363,1000,1000,1
1364,1000,1000,1
1365,1000,1000,1
1366,1000,1000,1
1367,1000,1000,1
1368,1000,1000,1
1369,1000,1000,1
1370,1000,1500,0
1371,1000,1000,1
1372,1000,1000,1
1373,1000,1000,1
1374,1000,1000,1
1375,1000,1000,1
1376,1000,1000,1
1377,1000,1000,1
1378,1000,1500,0
1379,1000,1500,0
1380,1000,1000,1
1381,1000,500,0
1382,1000,1000,1
1383,1000,1500,0
1384,1000,1000,1
1385,1000,500,0
1386,1000,1000,1
1387,1000,1000,1
1388,1000,1000,1
1389,1000,1000,1
1390,1000,1000,1
1391,1000,1000,1
1392,1000,1000,1
1393,1000,1000,1
1394,1000,1000,1
1395,1000,1000,1
1396,1000,1000,1
1397,1000,1000,1
1398,1000,1000,1
1399,1000,1000,1
1400,1000,1000,1
1401,1000,1000,1
1402,1000,1000,1
1403,1000,1000,1
1404,1000,1000,1
1405,1000,1000,1
1406,1000,1000,1
1407,1000,1000,1
1408,1000,1000,1
1409,1000,1000,1
1410,1000,1000,1
1411,1000,1000,1
1412,1000,1000,1
1413,1000,500,0
1414,1000,1000,1
1415,1000,1000,1
1416,1000,1000,1
1417,1000,1000,1
1418,1000,1500,0
1419,1000,1500,0
1420,1000,1000,1
1421,1000,1000,1
1422,1000,1000,1
1423,1000,1000,1
1424,1000,1000,1
1425,1000,1000,1
1426,1000,1500,0
1427,1000,1000,1
1428,1000,1000,1
1429,1000,1500,0
1430,1000,1000,1
1431,1000,1000,1
1432,1000,1000,1
1433,1000,1000,1
1434,1000,1000,1
1435,1000,1000,1
1436,1000,1000,1
1437,1000,1000,1
1438,1000,1000,1
1439,1000,1000,1
1440,1000,1000,1
1441,1000,1000,1
1442,1000,1000,1
1443,1000,1500,0
1444,1000,1000,1
1445,1000,1000,1
1446,1000,1500,0
1447,1000,1500,0
1448,1000,1000,1
1449,1000,1000,1
1450,1000,1000,1
1451,1000,1000,1
1452,1000,1000,1
1453,1000,1000,1
1454,1000,1000,1
1455,1000,1500,0
1456,1000,1000,1
1457,1000,1500,0
1458,1000,1000,1
1459,1000,1000,1
1460,1000,1000,1
1461,1000,1000,1
1462,1000,1000,1
1463,1000,1000,1
1464,1000,1000,1
1465,1000,1000,1
1466,1000,1000,1
1467,1000,1000,1
1468,1000,1000,1
1469,1000,1000,1
1470,1000,1000,1
1471,1000,1000,1
1472,1000,1000,1
1473,1000,1000,1
1474,1000,1000,1
1475,1000,0,0
1476,1000,1000,1
1477,1000,1000,1
1478,1000,1500,0
1479,1000,1000,1
1480,1000,1000,1
1481,1000,1000,1
1482,1000,1000,1
1483,1000,1000,1
1484,1000,1000,1
1485,1000,1000,1
1486,1000,1000,1
1487,1000,1000,1
1488,1000,1500,0
1489,1000,1000,1
1490,1000,1000,1
1491,1000,1500,0
1492,1000,1000,1
1493,1000,1000,1
1494,1000,1500,0
1495,1000,1500,0
1496,1000,1000,1
1497,1000,1000,1
1498,1000,1000,1
1499,1000,1000,1
1500,1500,0,0
1501,1500,1500,1
1502,1500,1500,1
1503,1500,1500,1
1504,1500,1500,1
1505,1500,1500,1
1506,1500,500,0
1507,1500,1500,1
1508,1500,500,0
1509,1500,500,0
1510,1500,1500,1
1511,1500,1000,0
1512,1500,1500,1
1513,1500,1500,1
1514,1500,1500,1
1515,1500,1500,1
1516,1500,1500,1
1517,1500,1500,1
1518,1500,1500,1
1519,1500,500,0
1520,1500,1500,1
1521,1500,1500,1
1522,1500,1000,0
1523,1500,0,0
1524,1500,1500,1
1525,1500,1500,1
1526,1500,1500,1
1527,1500,500,0
1528,1500,1500,1
1529,1500,1000,0
1530,1500,1500,1
1531,1500,1500,1
1532,1500,1500,1
1533,1500,1500,1
1534,1500,1500,1
1535,1500,1500,1
1536,1500,0,0
1537,1500,1500,1
1538,1500,1500,1
1539,1500,1500,1
1540,1500,1500,1
1541,1500,1500,1
1542,1500,1500,1
1543,1500,1500,1
1544,1500,1000,0
1545,1500,1000,0
1546,1500,1500,1
1547,1500,1000,0
1548,1500,1000,0
1549,1500,1000,0
1550,1500,1000,0
1551,1500,1500,1
1552,1500,1500,1
1553,1500,1500,1
1554,1500,1000,0
1555,1500,0,0
1556,1500,1500,1
1557,1500,1500,1
1558,1500,1500,1
1559,1500,1500,1
1560,1500,1500,1
1561,1500,1500,1
1562,1500,1500,1
1563,1500,1500,1
1564,1500,1000,0
1565,1500,1500,1
1566,1500,1500,1
1567,1500,1500,1
1568,1500,1500,1
1569,1500,1500,1
1570,1500,1500,1
1571,1500,1500,1
1572,1500,0,0
1573,1500,1500,1
1574,1500,1500,1
1575,1500,1000,0
1576,1500,1500,1
1577,1500,1500,1
1578,1500,1500,1
1579,1500,1500,1
1580,1500,1500,1
1581,1500,1500,1
1582,1500,1500,1
1583,1500,1500,1
1584,1500,1500,1
1585,1500,1500,1
1586,1500,1500,1
1587,1500,1500,1
1588,1500,500,0
1589,1500,1500,1
1590,1500,1500,1
1591,1500,1500,1
1592,1500,1500,1
1593,1500,1500,1
1594,1500,500,0
1595,1500,1500,1
1596,1500,1500,1
1597,1500,1500,1
1598,1500,1500,1
1599,1500,1500,1
1600,1500,1500,1
1601,1500,1500,1
1602,1500,1500,1
1603,1500,1500,1
1604,1500,1500,1
1605,1500,1500,1
1606,1500,1500,1
1607,1500,1500,1
1608,1500,1500,1
1609,1500,1000,0
1610,1500,1500,1
1611,1500,1000,0
1612,1500,1000,0
1613,1500,1500,1
1614,1500,0,0
1615,1500,1500,1
1616,1500,1000,0
1617,1500,1500,1
1618,1500,1500,1
1619,1500,1000,0
1620,1500,1500,1
1621,1500,1500,1
1622,1500,1500,1
1623,1500,1500,1
1624,1500,1500,1
1625,1500,500,0
1626,1500,1500,1
1627,1500,1500,1
1628,1500,500,0
1629,1500,1500,1
1630,1500,1500,1
1631,1500,1500,1
1632,1500,1000,0
1633,1500,1500,1
1634,1500,1500,1
1635,1500,1500,1
1636,1500,1000,0
1637,1500,1500,1
1638,1500,1500,1
1639,1500,1500,1
1640,1500,1000,0
1641,1500,1500,1
1642,1500,1500,1
1643,1500,1500,1
1644,1500,1500,1
1645,1500,1500,1
1646,1500,1500,1
1647,1500,1500,1
1648,1500,1000,0
1649,1500,1500,1
1650,1500,1500,1
1651,1500,1500,1
1652,1500,1500,1
1653,1500,1000,0
1654,1500,1500,1
1655,1500,1000,0
1656,1500,1500,1
1657,1500,1500,1
1658,1500,1500,1
1659,1500,1500,1
1660,1500,1500,1
1661,1500,1500,1
1662,1500,1500,1
1663,1500,1500,1
1664,1500,1500,1
1665,1500,1500,1
1666,1500,1500,1
1667,1500,1500,1
1668,1500,1000,0
1669,1500,1000,0
1670,1500,1000,0
1671,1500,1500,1
1672,1500,500,0
1673,1500,1500,1
1674,1500,1500,1
1675,1500,1500,1
1676,1500,1500,1
1677,1500,1500,1
1678,1500,1500,1
1679,1500,1500,1
1680,1500,0,0
1681,1500,1500,1
1682,1500,1500,1
1683,1500,1500,1
1684,1500,1500,1
1685,1500,1500,1
1686,1500,1500,1
1687,1500,1500,1
1688,1500,1500,1
1689,1500,1500,1
1690,1500,1500,1
1691,1500,1500,1
1692,1500,1500,1
1693,1500,1000,0
1694,1500,1000,0
1695,1500,1000,0
1696,1500,0,0
1697,1500,1500,1
1698,1500,1500,1
1699,1500,1000,0
1700,1500,1500,1
1701,1500,1500,1
1702,1500,1500,1
1703,1500,1500,1
1704,1500,1500,1
1705,1500,1500,1
1706,1500,1500,1
1707,1500,1500,1
1708,1500,1500,1
1709,1500,1500,1
1710,1500,1500,1
1711,1500,1500,1
1712,1500,500,0
1713,1500,500,0
1714,1500,1500,1
1715,1500,1500,1
1716,1500,1000,0
1717,1500,1000,0
1718,1500,1000,0
1719,1500,1500,1
1720,1500,1000,0
1721,1500,1000,0
1722,1500,1000,0
1723,1500,1000,0
1724,1500,1500,1
1725,1500,1000,0
1726,1500,1500,1
1727,1500,1000,0
1728,1500,1500,1
1729,1500,1500,1
1730,1500,1000,0
1731,1500,500,0
1732,1500,500,0
1733,1500,500,0
1734,1500,1500,1
1735,1500,1500,1
1736,1500,500,0
1737,1500,1500,1
1738,1500,500,0
1739,1500,1500,1
1740,1500,1500,1
1741,1500,1500,1
1742,1500,1500,1
1743,1500,1500,1
1744,1500,1500,1
1745,1500,1500,1
1746,1500,1500,1
1747,1500,1500,1
1748,1500,0,0
1749,1500,1500,1
1750,1500,1500,1
1751,1500,1500,1
1752,1500,1500,1
1753,1500,1500,1
1754,1500,1500,1
1755,1500,1500,1
1756,1500,1500,1
1757,1500,1500,1
1758,1500,1500,1
1759,1500,1500,1
1760,1500,1500,1
1761,1500,1500,1
1762,1500,500,0
1763,1500,1500,1
1764,1500,1500,1
1765,1500,1500,1
1766,1500,1500,1
1767,1500,1500,1
1768,1500,1500,1
1769,1500,1500,1
1770,1500,500,0
1771,1500,1500,1
1772,1500,500,0
1773,1500,1500,1
1774,1500,500,0
1775,1500,1500,1
1776,1500,1500,1
1777,1500,1000,0
1778,1500,1500,1
1779,1500,1500,1
1780,1500,0,0
1781,1500,1500,1
1782,1500,1500,1
1783,1500,1000,0
1784,1500,1000,0
1785,1500,1000,0
1786,1500,1000,0
1787,1500,1000,0
1788,1500,1000,0
1789,1500,1000,0
1790,1500,1000,0
1791,1500,1000,0
1792,1500,1000,0
1793,1500,1500,1
1794,1500,1500,1
1795,1500,1000,0
1796,1500,0,0
1797,1500,1000,0
1798,1500,1500,1
1799,1500,1000,0
1800,1500,0,0
1801,1500,1000,0
1802,1500,1000,0
1803,1500,1500,1
1804,1500,1500,1
1805,1500,1500,1
1806,1500,1500,1
1807,1500,1500,1
1808,1500,1500,1
1809,1500,1500,1
1810,1500,1500,1
1811,1500,1000,0
1812,1500,1500,1
1813,1500,1500,1
1814,1500,1500,1
1815,1500,1000,0
1816,1500,500,0
1817,1500,1500,1
1818,1500,1500,1
1819,1500,1500,1
1820,1500,500,0
1821,1500,1500,1
1822,1500,1500,1
1823,1500,1000,0
1824,1500,1500,1
1825,1500,1000,0
1826,1500,1000,0
1827,1500,1500,1
1828,1500,1000,0
1829,1500,1000,0
1830,1500,1000,0
1831,1500,1500,1
1832,1500,1500,1
1833,1500,1500,1
1834,1500,1500,1
1835,1500,1000,0
1836,1500,1500,1
1837,1500,1500,1
1838,1500,1500,1
1839,1500,100,0
1840,1500,1500,1
1841,1500,1500,1
1842,1500,1500,1
1843,1500,1500,1
1844,1500,500,0
1845,1500,1500,1
1846,1500,1000,0
1847,1500,1500,1
1848,1500,500,0
1849,1500,1500,1
1850,1500,1500,1
1851,1500,1500,1
1852,1500,1500,1
1853,1500,1500,1
1854,1500,500,0
1855,1500,0,0
1856,1500,500,0
1857,1500,500,0
1858,1500,500,0
1859,1500,1500,1
1860,1500,1500,1
1861,1500,0,0
1862,1500,1500,1
1863,1500,1000,0
1864,1500,1500,1
1865,1500,1500,1
1866,1500,1500,1
1867,1500,1000,0
1868,1500,1500,1
1869,1500,1500,1
1870,1500,1500,1
1871,1500,1500,1
1872,1500,0,0
1873,1500,1500,1
1874,1500,1000,0
1875,1500,1500,1
1876,1500,1500,1
1877,1500,500,0
1878,1500,500,0
1879,1500,1500,1
1880,1500,1500,1
1881,1500,0,0
1882,1500,1500,1
1883,1500,1000,0
1884,1500,1000,0
1885,1500,1500,1
1886,1500,1000,0
1887,1500,1500,1
1888,1500,1500,1
1889,1500,500,0
1890,1500,1500,1
1891,1500,1500,1
1892,1500,1500,1
1893,1500,1500,1
1894,1500,1500,1
1895,1500,1000,0
1896,1500,500,0
1897,1500,1500,1
1898,1500,1500,1
1899,1500,1500,1
1900,1500,1500,1
1901,1500,1500,1
1902,1500,1500,1
1903,1500,1000,0
1904,1500,1500,1
1905,1500,1500,1
1906,1500,1500,1
1907,1500,1500,1
1908,1500,1500,1
1909,1500,1500,1
1910,1500,1500,1
1911,1500,500,0
1912,1500,500,0
1913,1500,1500,1
1914,1500,1500,1
1915,1500,500,0
1916,1500,1500,1
1917,1500,1500,1
1918,1500,1000,0
1919,1500,1500,1
1920,1500,1500,1
1921,1500,1500,1
1922,1500,1500,1
1923,1500,1500,1
1924,1500,1500,1
1925,1500,1500,1
1926,1500,500,0
1927,1500,1500,1
1928,1500,1500,1
1929,1500,1500,1
1930,1500,1500,1
1931,1500,1000,0
1932,1500,1500,1
1933,1500,1500,1
1934,1500,1500,1
1935,1500,1500,1
1936,1500,1500,1
1937,1500,500,0
1938,1500,1500,1
1939,1500,0,0
1940,1500,1500,1
1941,1500,1500,1
1942,1500,500,0
1943,1500,1500,1
1944,1500,1500,1
1945,1500,1500,1
1946,1500,1500,1
1947,1500,1500,1
1948,1500,1500,1
1949,1500,1500,1
1950,1500,1500,1
1951,1500,1500,1
1952,1500,1500,1
1953,1500,1500,1
1954,1500,1500,1
1955,1500,1500,1
1956,1500,1500,1
1957,1500,1000,0
1958,1500,1000,0
1959,1500,1500,1
1960,1500,1000,0
1961,1500,1000,0
1962,1500,1500,1
1963,1500,1500,1
1964,1500,1500,1
1965,1500,1500,1
1966,1500,1500,1
1967,1500,1500,1
1968,1500,1500,1
1969,1500,1500,1
1970,1500,1500,1
1971,1500,1500,1
1972,1500,500,0
1973,1500,1500,1
1974,1500,1500,1
1975,1500,500,0
1976,1500,500,0
1977,1500,500,0
1978,1500,500,0
1979,1500,500,0
1980,1500,1500,1
1981,1500,1500,1
1982,1500,500,0
1983,1500,1500,1
1984,1500,500,0
1985,1500,500,0
1986,1500,1500,1
1987,1500,500,0
1988,1500,500,0
1989,1500,1500,1
1990,1500,1500,1
1991,1500,500,0
1992,1500,1500,1
1993,1500,1500,1
1994,1500,1000,0
1995,1500,1500,1
1996,1500,1500,1
1997,1500,1500,1
1998,1500,0,0
1999,1500,1500,1
2000,2000,2000,1
2001,2000,2000,1
2002,2000,2000,1
2003,2000,2000,1
2004,2000,2000,1
2005,2000,2000,1
2006,2000,2000,1
2007,2000,100,0
2008,2000,2000,1
2009,2000,2000,1
2010,2000,2000,1
2011,2000,2000,1
2012,2000,100,0
2013,2000,2000,1
2014,2000,2000,1
2015,2000,2000,1
2016,2000,2000,1
2017,2000,2000,1
2018,2000,2000,1
2019,2000,2000,1
2020,2000,2000,1
2021,2000,100,0
2022,2000,2000,1
2023,2000,2000,1
2024,2000,2000,1
2025,2000,2000,1
2026,2000,2000,1
2027,2000,2000,1
2028,2000,2000,1
2029,2000,2000,1
2030,2000,2000,1
2031,2000,2000,1
2032,2000,2000,1
2033,2000,2000,1
2034,2000,2000,1
2035,2000,2000,1
2036,2000,2000,1
2037,2000,2000,1
2038,2000,2000,1
2039,2000,2000,1
2040,2000,2000,1
2041,2000,100,0
2042,2000,2000,1
2043,2000,2000,1
2044,2000,2000,1
2045,2000,2000,1
2046,2000,2000,1
2047,2000,100,0
2048,2000,2000,1
2049,2000,2000,1
2050,2000,2000,1
2051,2000,100,0
2052,2000,2000,1
2053,2000,2000,1
2054,2000,100,0
2055,2000,2000,1
2056,2000,2000,1
2057,2000,2000,1
2058,2000,2000,1
2059,2000,2000,1
2060,2000,2000,1
2061,2000,100,0
2062,2000,100,0
2063,2000,2000,1
2064,2000,2000,1
2065,2000,100,0
2066,2000,2000,1
2067,2000,2000,1
2068,2000,2000,1
2069,2000,2000,1
2070,2000,2000,1
2071,2000,2000,1
2072,2000,2000,1
2073,2000,2000,1
2074,2000,2000,1
2075,2000,2000,1
2076,2000,2000,1
2077,2000,2000,1
2078,2000,2000,1
2079,2000,2000,1
2080,2000,2000,1
2081,2000,2000,1
2082,2000,100,0
2083,2000,2000,1
2084,2000,2000,1
2085,2000,2000,1
2086,2000,2000,1
2087,2000,2000,1
2088,2000,2000,1
2089,2000,2000,1
2090,2000,2000,1
2091,2000,2000,1
2092,2000,2000,1
2093,2000,100,0
2094,2000,2000,1
2095,2000,2000,1
2096,2000,2000,1
2097,2000,2000,1
2098,2000,2000,1
2099,2000,2000,1
2100,2000,2000,1
2101,2000,2000,1
2102,2000,2000,1
2103,2000,2000,1
2104,2000,2000,1
2105,2000,2000,1
2106,2000,2000,1
2107,2000,2000,1
2108,2000,2000,1
2109,2000,2000,1
2110,2000,100,0
2111,2000,2000,1
2112,2000,2000,1
2113,2000,2000,1
2114,2000,2000,1
2115,2000,2000,1
2116,2000,2000,1
2117,2000,2000,1
2118,2000,2000,1
2119,2000,2000,1
2120,2000,2000,1
2121,2000,2000,1
2122,2000,2000,1
2123,2000,2000,1
2124,2000,2000,1
2125,2000,2000,1
2126,2000,2000,1
2127,2000,2000,1
2128,2000,2000,1
2129,2000,2000,1
2130,2000,2000,1
2131,2000,100,0
2132,2000,2000,1
2133,2000,2000,1
2134,2000,2000,1
2135,2000,2000,1
2136,2000,2000,1
2137,2000,100,0
2138,2000,2000,1
2139,2000,2000,1
2140,2000,2000,1
2141,2000,2000,1
2142,2000,2000,1
2143,2000,2000,1
2144,2000,2000,1
2145,2000,2000,1
2146,2000,2000,1
2147,2000,2000,1
2148,2000,2000,1
2149,2000,2000,1
2150,2000,2000,1
2151,2000,2000,1
2152,2000,2000,1
2153,2000,2000,1
2154,2000,2000,1
2155,2000,2000,1
2156,2000,2000,1
2157,2000,2000,1
2158,2000,2000,1
2159,2000,2000,1
2160,2000,2000,1
2161,2000,2000,1
2162,2000,2000,1
2163,2000,2000,1
2164,2000,2000,1
2165,2000,2000,1
2166,2000,2000,1
2167,2000,2000,1
2168,2000,2000,1
2169,2000,2000,1
2170,2000,2000,1
2171,2000,2000,1
2172,2000,2000,1
2173,2000,2000,1
2174,2000,2000,1
2175,2000,2000,1
2176,2000,2000,1
2177,2000,2000,1
2178,2000,2000,1
2179,2000,2000,1
2180,2000,2000,1
2181,2000,2000,1
2182,2000,2000,1
2183,2000,2000,1
2184,2000,100,0
2185,2000,2000,1
2186,2000,2000,1
2187,2000,2000,1
2188,2000,2000,1
2189,2000,2000,1
2190,2000,100,0
2191,2000,2000,1
2192,2000,2000,1
2193,2000,2000,1
2194,2000,2000,1
2195,2000,2000,1
2196,2000,2000,1
2197,2000,2000,1
2198,2000,2000,1
2199,2000,2000,1
2200,2000,2000,1
2201,2000,2000,1
2202,2000,2000,1
2203,2000,2000,1
2204,2000,2000,1
2205,2000,2000,1
2206,2000,2000,1
2207,2000,2000,1
2208,2000,2000,1
2209,2000,2000,1
2210,2000,2000,1
2211,2000,2000,1
2212,2000,2000,1
2213,2000,2000,1
2214,2000,100,0
2215,2000,2000,1
2216,2000,2000,1
2217,2000,2000,1
2218,2000,2000,1
2219,2000,2000,1
2220,2000,2000,1
2221,2000,2000,1
2222,2000,2000,1
2223,2000,2000,1
2224,2000,2000,1
2225,2000,2000,1
2226,2000,2000,1
2227,2000,2000,1
2228,2000,2000,1
2229,2000,2000,1
2230,2000,2000,1
2231,2000,100,0
2232,2000,2000,1
2233,2000,2000,1
2234,2000,2000,1
2235,2000,2000,1
2236,2000,100,0
2237,2000,2000,1
2238,2000,2000,1
2239,2000,2000,1
2240,2000,2000,1
2241,2000,2000,1
2242,2000,2000,1
2243,2000,2000,1
2244,2000,2000,1
2245,2000,2000,1
2246,2000,2000,1
2247,2000,2000,1
2248,2000,2000,1
2249,2000,2000,1
2250,2000,100,0
2251,2000,2000,1
2252,2000,2000,1
2253,2000,2000,1
2254,2000,100,0
2255,2000,2000,1
2256,2000,2000,1
2257,2000,100,0
2258,2000,100,0
2259,2000,2000,1
2260,2000,2000,1
2261,2000,2000,1
2262,2000,2000,1
2263,2000,2000,1
2264,2000,2000,1
2265,2000,100,0
2266,2000,2000,1
2267,2000,2000,1
2268,2000,2000,1
2269,2000,2000,1
2270,2000,2000,1
2271,2000,2000,1
2272,2000,2000,1
2273,2000,100,0
2274,2000,2000,1
2275,2000,2000,1
2276,2000,2000,1
2277,2000,2000,1
2278,2000,2000,1
2279,2000,2000,1
2280,2000,2000,1
2281,2000,2000,1
2282,2000,2000,1
2283,2000,2000,1
2284,2000,2000,1
2285,2000,100,0
2286,2000,2000,1
2287,2000,2000,1
2288,2000,2000,1
2289,2000,2000,1
2290,2000,2000,1
2291,2000,2000,1
2292,2000,2000,1
2293,2000,2000,1
2294,2000,2000,1
2295,2000,2000,1
2296,2000,100,0
2297,2000,2000,1
2298,2000,2000,1
2299,2000,100,0
2300,2000,2000,1
2301,2000,2000,1
2302,2000,2000,1
2303,2000,2000,1
2304,2000,2000,1
2305,2000,100,0
2306,2000,2000,1
2307,2000,2000,1
2308,2000,2000,1
2309,2000,2000,1
2310,2000,2000,1
2311,2000,2000,1
2312,2000,2000,1
2313,2000,2000,1
2314,2000,2000,1
2315,2000,2000,1
2316,2000,2000,1
2317,2000,2000,1
2318,2000,100,0
2319,2000,2000,1
2320,2000,2000,1
2321,2000,2000,1
2322,2000,2000,1
2323,2000,2000,1
2324,2000,2000,1
2325,2000,2000,1
2326,2000,2000,1
2327,2000,2000,1
2328,2000,2000,1
2329,2000,2000,1
2330,2000,2000,1
2331,2000,100,0
2332,2000,2000,1
2333,2000,2000,1
2334,2000,2000,1
2335,2000,2000,1
2336,2000,2000,1
2337,2000,2000,1
2338,2000,2000,1
2339,2000,2000,1
2340,2000,2000,1
2341,2000,2000,1
2342,2000,2000,1
2343,2000,2000,1
2344,2000,2000,1
2345,2000,2000,1
2346,2000,2000,1
2347,2000,2000,1
2348,2000,2000,1
2349,2000,2000,1
2350,2000,2000,1
2351,2000,2000,1
2352,2000,2000,1
2353,2000,2000,1
2354,2000,2000,1
2355,2000,2000,1
2356,2000,2000,1
2357,2000,2000,1
2358,2000,100,0
2359,2000,2000,1
2360,2000,2000,1
2361,2000,2000,1
2362,2000,2000,1
2363,2000,2000,1
2364,2000,2000,1
2365,2000,2000,1
2366,2000,2000,1
2367,2000,2000,1
2368,2000,2000,1
2369,2000,2000,1
2370,2000,2000,1
2371,2000,2000,1
2372,2000,2000,1
2373,2000,2000,1
2374,2000,2000,1
2375,2000,2000,1
2376,2000,2000,1
2377,2000,2000,1
2378,2000,2000,1
2379,2000,2000,1
2380,2000,2000,1
2381,2000,100,0
2382,2000,2000,1
2383,2000,2000,1
2384,2000,2000,1
2385,2000,2000,1
2386,2000,2000,1
2387,2000,2000,1
2388,2000,2000,1
2389,2000,100,0
2390,2000,2000,1
2391,2000,2000,1
2392,2000,2000,1
2393,2000,100,0
2394,2000,2000,1
2395,2000,100,0
2396,2000,2000,1
2397,2000,100,0
2398,2000,2000,1
2399,2000,2000,1
2400,2000,2000,1
2401,2000,2000,1
2402,2000,2000,1
2403,2000,2000,1
2404,2000,2000,1
2405,2000,2000,1
2406,2000,2000,1
2407,2000,2000,1
2408,2000,2000,1
2409,2000,2000,1
2410,2000,2000,1
2411,2000,2000,1
2412,2000,2000,1
2413,2000,2000,1
2414,2000,2000,1
2415,2000,2000,1
2416,2000,2000,1
2417,2000,2000,1
2418,2000,2000,1
2419,2000,2000,1
2420,2000,2000,1
2421,2000,2000,1
2422,2000,2000,1
2423,2000,2000,1
2424,2000,2000,1
2425,2000,2000,1
2426,2000,2000,1
2427,2000,2000,1
2428,2000,2000,1
2429,2000,2000,1
2430,2000,2000,1
2431,2000,2000,1
2432,2000,2000,1
2433,2000,2000,1
2434,2000,100,0
2435,2000,2000,1
2436,2000,2000,1
2437,2000,100,0
2438,2000,2000,1
2439,2000,2000,1
2440,2000,2000,1
2441,2000,2000,1
2442,2000,2000,1
2443,2000,2000,1
2444,2000,2000,1
2445,2000,2000,1
2446,2000,2000,1
2447,2000,2000,1
2448,2000,100,0
2449,2000,2000,1
2450,2000,2000,1
2451,2000,2000,1
2452,2000,2000,1
2453,2000,2000,1
2454,2000,2000,1
2455,2000,2000,1
2456,2000,2000,1
2457,2000,2000,1
2458,2000,2000,1
2459,2000,2000,1
2460,2000,100,0
2461,2000,2000,1
2462,2000,100,0
2463,2000,2000,1
2464,2000,2000,1
2465,2000,2000,1
2466,2000,2000,1
2467,2000,2000,1
2468,2000,2000,1
2469,2000,2000,1
2470,2000,2000,1
2471,2000,2000,1
2472,2000,2000,1
2473,2000,2000,1
2474,2000,2000,1
2475,2000,2000,1
2476,2000,2000,1
2477,2000,2000,1
2478,2000,2000,1
2479,2000,2000,1
2480,2000,2000,1
2481,2000,2000,1
2482,2000,2000,1
2483,2000,2000,1
2484,2000,2000,1
2485,2000,2000,1
2486,2000,2000,1
2487,2000,2000,1
2488,2000,2000,1
2489,2000,2000,1
2490,2000,2000,1
2491,2000,2000,1
2492,2000,2000,1
2493,2000,2000,1
2494,2000,2000,1
2495,2000,2000,1
2496,2000,2000,1
2497,2000,2000,1
2498,2000,2000,1
2499,2000,100,0
2500,500,0,0
2501,500,0,0
2502,500,500,1
2503,500,500,1
2504,500,500,1
2505,500,0,0
2506,500,500,1
2507,500,0,0
2508,500,500,1
2509,500,500,1
2510,500,500,1
2511,500,500,1
2512,500,500,1
2513,500,500,1
2514,500,500,1
2515,500,0,0
2516,500,500,1
2517,500,500,1
2518,500,500,1
2519,500,500,1
2520,500,500,1
2521,500,500,1
2522,500,0,0
2523,500,500,1
2524,500,500,1
2525,500,500,1
2526,500,500,1
2527,500,1500,0
2528,500,500,1
2529,500,500,1
2530,500,0,0
2531,500,500,1
2532,500,500,1
2533,500,500,1
2534,500,500,1
2535,500,500,1
2536,500,500,1
2537,500,500,1
2538,500,500,1
2539,500,500,1
2540,500,1500,0
2541,500,500,1
2542,500,500,1
2543,500,0,0
2544,500,500,1
2545,500,500,1
2546,500,500,1
2547,500,500,1
2548,500,500,1
2549,500,0,0
2550,500,500,1
2551,500,0,0
2552,500,0,0
2553,500,500,1
2554,500,500,1
2555,500,500,1
2556,500,0,0
2557,500,500,1
2558,500,500,1
2559,500,0,0
2560,500,500,1
2561,500,1500,0
2562,500,500,1
2563,500,500,1
2564,500,500,1
2565,500,0,0
2566,500,500,1
2567,500,500,1
2568,500,1000,0
2569,500,500,1
2570,500,0,0
2571,500,0,0
2572,500,500,1
2573,500,500,1
2574,500,500,1
2575,500,500,1
2576,500,1500,0
2577,500,500,1
2578,500,500,1
2579,500,500,1
2580,500,500,1
2581,500,500,1
2582,500,500,1
2583,500,0,0
2584,500,0,0
2585,500,500,1
2586,500,500,1
2587,500,0,0
2588,500,500,1
2589,500,500,1
2590,500,500,1
2591,500,0,0
2592,500,500,1
2593,500,500,1
2594,500,500,1
2595,500,500,1
2596,500,500,1
2597,500,500,1
2598,500,500,1
2599,500,500,1
2600,500,500,1
2601,500,500,1
2602,500,0,0
2603,500,1500,0
2604,500,500,1
2605,500,500,1
2606,500,500,1
2607,500,500,1
2608,500,500,1
2609,500,1500,0
2610,500,500,1
2611,500,500,1
2612,500,500,1
2613,500,0,0
2614,500,500,1
2615,500,1500,0
2616,500,500,1
2617,500,500,1
2618,500,500,1
2619,500,1500,0
2620,500,500,1
2621,500,500,1
2622,500,500,1
2623,500,1500,0
2624,500,500,1
2625,500,500,1
2626,500,1500,0
2627,500,500,1
2628,500,500,1
2629,500,0,0
2630,500,0,0
2631,500,500,1
2632,500,500,1
2633,500,0,0
2634,500,0,0
2635,500,500,1
2636,500,500,1
2637,500,500,1
2638,500,1500,0
2639,500,1500,0
2640,500,500,1
2641,500,500,1
2642,500,500,1
2643,500,0,0
2644,500,0,0
2645,500,1000,0
2646,500,500,1
2647,500,500,1
2648,500,500,1
2649,500,1000,0
2650,500,500,1
2651,500,500,1
2652,500,500,1
2653,500,1500,0
2654,500,1000,0
2655,500,500,1
2656,500,1000,0
2657,500,500,1
2658,500,500,1
2659,500,500,1
2660,500,500,1
2661,500,1500,0
2662,500,500,1
2663,500,1000,0
2664,500,0,0
2665,500,0,0
2666,500,0,0
2667,500,0,0
2668,500,0,0
2669,500,0,0
2670,500,500,1
2671,500,500,1
2672,500,0,0
2673,500,500,1
2674,500,100,0
2675,500,0,0
2676,500,0,0
2677,500,1500,0
2678,500,500,1
2679,500,500,1
2680,500,500,1
2681,500,500,1
2682,500,500,1
2683,500,500,1
2684,500,500,1
2685,500,500,1
2686,500,500,1
2687,500,500,1
2688,500,500,1
2689,500,500,1
2690,500,1500,0
2691,500,500,1
2692,500,500,1
2693,500,500,1
2694,500,500,1
2695,500,500,1
2696,500,500,1
2697,500,0,0
2698,500,500,1
2699,500,500,1
2700,500,500,1
2701,500,500,1
2702,500,500,1
2703,500,0,0
2704,500,500,1
2705,500,500,1
2706,500,500,1
2707,500,500,1
2708,500,1500,0
2709,500,500,1
2710,500,500,1
2711,500,500,1
2712,500,0,0
2713,500,500,1
2714,500,0,0
2715,500,500,1
2716,500,500,1
2717,500,0,0
2718,500,1500,0
2719,500,0,0
2720,500,500,1
2721,500,500,1
2722,500,500,1
2723,500,500,1
2724,500,500,1
2725,500,500,1
2726,500,500,1
2727,500,500,1
2728,500,500,1
2729,500,500,1
2730,500,500,1
2731,500,500,1
2732,500,500,1
2733,500,500,1
2734,500,1500,0
2735,500,500,1
2736,500,500,1
2737,500,0,0
2738,500,500,1
2739,500,500,1
2740,500,500,1
2741,500,0,0
2742,500,0,0
2743,500,0,0
2744,500,500,1
2745,500,500,1
2746,500,500,1
2747,500,500,1
2748,500,500,1
2749,500,500,1
2750,500,500,1
2751,500,500,1
2752,500,1500,0
2753,500,500,1
2754,500,500,1
2755,500,0,0
2756,500,500,1
2757,500,0,0
2758,500,500,1
2759,500,500,1
2760,500,500,1
2761,500,500,1
2762,500,500,1
2763,500,500,1
2764,500,500,1
2765,500,500,1
2766,500,0,0
2767,500,0,0
2768,500,500,1
2769,500,0,0
2770,500,500,1
2771,500,500,1
2772,500,500,1
2773,500,500,1
2774,500,500,1
2775,500,500,1
2776,500,500,1
2777,500,500,1
2778,500,500,1
2779,500,0,0
2780,500,0,0
2781,500,0,0
2782,500,500,1
2783,500,500,1
2784,500,500,1
2785,500,500,1
2786,500,1500,0
2787,500,500,1
2788,500,0,0
2789,500,0,0
2790,500,500,1
2791,500,0,0
2792,500,500,1
2793,500,500,1
2794,500,500,1
2795,500,0,0
2796,500,500,1
2797,500,500,1
2798,500,1500,0
2799,500,500,1
2800,500,500,1
2801,500,500,1
2802,500,0,0
2803,500,0,0
2804,500,0,0
2805,500,500,1
2806,500,1500,0
2807,500,500,1
2808,500,500,1
2809,500,0,0
2810,500,0,0
2811,500,500,1
2812,500,500,1
2813,500,500,1
2814,500,500,1
2815,500,500,1
2816,500,500,1
2817,500,500,1
2818,500,0,0
2819,500,500,1
2820,500,0,0
2821,500,500,1
2822,500,500,1
2823,500,500,1
2824,500,0,0
2825,500,500,1
2826,500,0,0
2827,500,500,1
2828,500,500,1
2829,500,0,0
2830,500,500,1
2831,500,0,0
2832,500,0,0
2833,500,0,0
2834,500,500,1
2835,500,0,0
2836,500,500,1
2837,500,500,1
2838,500,500,1
2839,500,500,1
2840,500,500,1
2841,500,0,0
2842,500,500,1
2843,500,0,0
2844,500,500,1
2845,500,500,1
2846,500,500,1
2847,500,500,1
2848,500,0,0
2849,500,500,1
2850,500,500,1
2851,500,0,0
2852,500,500,1
2853,500,500,1
2854,500,500,1
2855,500,500,1
2856,500,500,1
2857,500,500,1
2858,500,500,1
2859,500,500,1
2860,500,500,1
2861,500,0,0
2862,500,1500,0
2863,500,500,1
2864,500,500,1
2865,500,500,1
2866,500,1500,0
2867,500,1500,0
2868,500,1500,0
2869,500,500,1
2870,500,0,0
2871,500,500,1
2872,500,1500,0
2873,500,500,1
2874,500,1000,0
2875,500,500,1
2876,500,500,1
2877,500,500,1
2878,500,1000,0
2879,500,1500,0
2880,500,0,0
2881,500,500,1
2882,500,1500,0
2883,500,0,0
2884,500,1000,0
2885,500,1500,0
2886,500,1000,0
2887,500,0,0
2888,500,0,0
2889,500,1000,0
2890,500,0,0
2891,500,500,1
2892,500,0,0
2893,500,1500,0
2894,500,0,0
2895,500,0,0
2896,500,0,0
2897,500,0,0
2898,500,1500,0
2899,500,500,1
2900,500,500,1
2901,500,1500,0
2902,500,0,0
2903,500,500,1
2904,500,500,1
2905,500,500,1
2906,500,500,1
2907,500,0,0
2908,500,500,1
2909,500,1500,0
2910,500,500,1
2911,500,0,0
2912,500,500,1
2913,500,500,1
2914,500,500,1
2915,500,500,1
2916,500,500,1
2917,500,500,1
2918,500,500,1
2919,500,0,0
2920,500,500,1
2921,500,500,1
2922,500,500,1
2923,500,500,1
2924,500,0,0
2925,500,500,1
2926,500,0,0
2927,500,0,0
2928,500,500,1
2929,500,500,1
2930,500,500,1
2931,500,0,0
2932,500,500,1
2933,500,500,1
2934,500,500,1
2935,500,500,1
2936,500,500,1
2937,500,500,1
2938,500,500,1
2939,500,500,1
2940,500,500,1
2941,500,500,1
2942,500,500,1
2943,500,500,1
2944,500,500,1
2945,500,0,0
2946,500,0,0
2947,500,500,1
2948,500,0,0
2949,500,500,1
2950,500,500,1
2951,500,500,1
2952,500,500,1
2953,500,500,1
2954,500,500,1
2955,500,1500,0
2956,500,500,1
2957,500,500,1
2958,500,0,0
2959,500,500,1
2960,500,500,1
2961,500,500,1
2962,500,500,1
2963,500,0,0
2964,500,1500,0
2965,500,500,1
2966,500,500,1
2967,500,500,1
2968,500,1500,0
2969,500,500,1
2970,500,500,1
2971,500,500,1
2972,500,500,1
2973,500,500,1
2974,500,500,1
2975,500,500,1
2976,500,0,0
2977,500,0,0
2978,500,500,1
2979,500,500,1
2980,500,500,1
2981,500,500,1
2982,500,0,0
2983,500,500,1
2984,500,500,1
2985,500,500,1
2986,500,500,1
2987,500,500,1
2988,500,0,0
2989,500,0,0
2990,500,0,0
2991,500,500,1
2992,500,500,1
2993,500,500,1
2994,500,0,0
2995,500,500,1
2996,500,500,1
2997,500,0,0
2998,500,500,1
2999,500,0,0
