Sample,True Label,Pred Label,Correct,Prob_500,Prob_1000,Prob_1500
0,1000,1500,0,0.006676,0.253,0.74
1,1000,1500,0,0.0008206,0.2996,0.6997
2,1000,1500,0,0.03537,0.3242,0.64
3,1000,1500,0,0.0009174,0.2615,0.738
4,1000,1500,0,0.001398,0.3828,0.6157
5,1000,1000,1,0.000995,0.7207,0.278
6,1000,1000,1,0.02678,0.58,0.3933
7,1000,1500,0,0.02031,0.226,0.754
8,1000,1000,1,0.076,0.8037,0.12036
9,1000,1000,1,0.0169,0.8267,0.1564
10,1000,1500,0,0.03427,0.2732,0.6924
11,1000,1000,1,0.001437,0.7314,0.2673
12,1000,1500,0,0.0122,0.2861,0.7017
13,1000,1500,0,0.000281,0.317,0.6826
14,1000,1500,0,0.01414,0.402,0.584
15,1000,1500,0,0.001461,0.3105,0.688
16,1000,1000,1,0.0007434,0.5605,0.439
17,1000,1000,1,0.02762,0.5034,0.4688
18,1000,1500,0,0.196,0.3303,0.4736
19,1000,1000,1,0.000297,0.633,0.367
20,1000,1500,0,0.005764,0.2346,0.76
21,1000,500,0,0.5034,0.2507,0.2461
22,1000,1000,1,0.02603,0.5234,0.4507
23,1000,1500,0,0.0157,0.438,0.5464
24,1000,1500,0,0.2756,0.2537,0.4707
25,1000,500,0,0.778,0.0484,0.1736
26,1000,500,0,0.4875,0.1693,0.3433
27,1000,1000,1,0.003963,0.936,0.05988
28,1000,1000,1,0.000599,0.687,0.3125
29,1000,1000,1,0.04416,0.5234,0.4321
30,1000,1000,1,0.01321,0.655,0.332
31,1000,1500,0,0.001649,0.4895,0.509
32,1000,1000,1,0.004658,0.9214,0.07404
33,1000,1500,0,0.001595,0.3057,0.693
34,1000,1500,0,0.02591,0.4663,0.508
35,1000,1000,1,0.1991,0.5093,0.2917
36,1000,1500,0,0.00831,0.3328,0.659
37,1000,1500,0,0.010315,0.2496,0.74
38,1000,1500,0,0.006287,0.4966,0.497
39,1000,1500,0,0.02292,0.04053,0.9365
40,1000,1500,0,0.001929,0.2683,0.7295
41,1000,1500,0,0.001684,0.1559,0.8423
42,1000,1500,0,0.000937,0.1572,0.842
43,1000,1000,1,0.087,0.478,0.435
44,1000,1500,0,0.2157,0.1958,0.5884
45,1000,1000,1,0.1121,0.8115,0.0766
46,1000,1500,0,0.076,0.281,0.643
47,1000,500,0,0.8887,0.0925,0.01875
48,1000,500,0,0.3977,0.364,0.2384
49,1000,500,0,0.737,0.12396,0.1395
50,1000,1000,1,0.003544,0.9863,0.010086
51,1000,1000,1,0.00551,0.799,0.1957
52,1000,1000,1,0.0755,0.5728,0.3518
53,1000,1000,1,0.03796,0.8374,0.1245
54,1000,500,0,0.549,0.4429,0.00811
55,1000,1000,1,0.001946,0.696,0.3025
56,1000,1000,1,0.00066,0.9365,0.063
57,1000,1000,1,0.057,0.862,0.0812
58,1000,1000,1,0.2483,0.728,0.02365
59,1000,1500,0,0.00805,0.4524,0.5396
60,1000,1500,0,0.00392,0.4072,0.589
61,1000,1000,1,0.007812,0.7104,0.2817
62,1000,1000,1,0.01272,0.831,0.1564
63,1000,1000,1,0.05478,0.712,0.2334
64,1000,1000,1,0.004517,0.96,0.03552
65,1000,1500,0,0.001529,0.2817,0.717
66,1000,1500,0,0.001611,0.259,0.7393
67,1000,1500,0,0.0003688,0.31,0.6895
68,1000,1500,0,0.0001382,0.397,0.603
69,1000,1500,0,0.007072,0.2717,0.721
70,1000,1500,0,0.05582,0.1317,0.8125
71,1000,1500,0,0.00405,0.1592,0.837
72,1000,1500,0,0.1123,0.0808,0.8066
73,1000,500,0,0.5884,0.2185,0.1931
74,1000,1000,1,0.0604,0.802,0.138
75,1000,1500,0,0.00476,0.255,0.74
76,1000,1000,1,0.001972,0.623,0.3748
77,1000,1500,0,0.000723,0.231,0.7686
78,1000,1500,0,0.06586,0.262,0.6724
79,1000,1000,1,0.001938,0.686,0.3123
80,1000,1000,1,0.0004697,0.5903,0.409
81,1000,1500,0,0.01181,0.385,0.603
82,1000,500,0,0.8267,0.1433,0.02988
83,1000,1000,1,0.2128,0.698,0.0891
84,1000,1000,1,3.225e-05,0.964,0.03607
85,1000,1000,1,0.01572,0.8975,0.08673
86,1000,1500,0,0.0005836,0.1277,0.8716
87,1000,1500,0,0.003242,0.2384,0.7583
88,1000,1500,0,0.004635,0.10315,0.892
89,1000,1500,0,0.001074,0.157,0.842
90,1000,1500,0,0.0619,0.1815,0.757
91,1000,1500,0,0.013336,0.342,0.6445
92,1000,1500,0,0.01584,0.4277,0.556
93,1000,1500,0,0.00239,0.07056,0.9272
94,1000,1500,0,0.1472,0.1865,0.666
95,1000,1500,0,0.00851,0.10583,0.8857
96,1000,1500,0,0.0389,0.08344,0.8774
97,1000,1500,0,0.04694,0.2786,0.6743
98,1000,1500,0,0.02188,0.223,0.755
99,1000,1500,0,0.2788,0.3228,0.3982
100,1000,500,0,0.551,0.09015,0.359
101,1000,1500,0,0.003002,0.387,0.61
102,1000,500,0,0.561,0.095,0.344
103,1000,1500,0,0.001642,0.2131,0.785
104,1000,1500,0,0.0004492,0.2368,0.7627
105,1000,500,0,0.535,0.33,0.1348
106,1000,500,0,0.841,0.1017,0.0574
107,1000,1500,0,0.0208,0.04172,0.9375
108,1000,1500,0,0.000708,0.1854,0.814
109,1000,1500,0,0.01718,0.275,0.708
110,1000,1000,1,0.02542,0.7095,0.2651
111,1000,500,0,0.5366,0.2285,0.235
112,1000,1000,1,0.03558,0.525,0.4395
113,1000,500,0,0.9067,0.0734,0.01968
114,1000,1500,0,0.002174,0.2118,0.786
115,1000,1000,1,0.11273,0.8516,0.03555
116,1000,1000,1,0.2334,0.431,0.3357
117,1000,1500,0,0.0186,0.1486,0.833
118,1000,1500,0,0.01778,0.03162,0.9507
119,1000,500,0,0.965,0.02786,0.007267
120,1000,1000,1,0.3613,0.5767,0.06232
121,1000,1000,1,0.0947,0.714,0.1915
122,1000,1000,1,0.3667,0.5225,0.111
123,1000,1000,1,0.01473,0.908,0.0772
124,1000,1000,1,0.03662,0.8784,0.0851
125,1000,1500,0,0.01326,0.462,0.525
126,1000,1500,0,0.10913,0.06146,0.8296
127,1000,1500,0,0.00534,0.1924,0.8022
128,1000,1000,1,0.0445,0.5454,0.4102
129,1000,1000,1,0.00996,0.9067,0.08344
130,1000,500,0,0.877,0.08185,0.04108
131,1000,1500,0,0.10486,0.0842,0.811
132,1000,1500,0,0.01393,0.0768,0.909
133,1000,1500,0,0.01149,0.05792,0.9307
134,1000,1500,0,0.01418,0.05185,0.934
135,1000,500,0,0.9995,0.0001723,0.0001215
136,1000,500,0,0.9854,0.006374,0.008095
137,1000,1500,0,0.2021,0.383,0.4148
138,1000,1000,1,0.02306,0.923,0.0542
139,1000,1000,1,0.02731,0.578,0.3943
140,1000,1000,1,0.01944,0.898,0.08264
141,1000,1000,1,0.004166,0.564,0.432
142,1000,1000,1,0.1299,0.826,0.04388
143,1000,1000,1,0.03918,0.654,0.3071
144,1000,500,0,0.9243,0.07086,0.004665
145,1000,1500,0,0.001565,0.3433,0.6553
146,1000,1000,1,0.10724,0.6577,0.2349
147,1000,1000,1,0.05765,0.717,0.2257
148,1000,500,0,0.6304,0.2181,0.1516
149,1000,1500,0,0.04443,0.4312,0.5244
150,1000,1500,0,0.00488,0.444,0.5513
151,1000,500,0,0.81,0.1548,0.03534
152,1000,1000,1,0.06415,0.5215,0.4146
153,1000,1500,0,0.03812,0.0789,0.883
154,1000,1500,0,0.0302,0.126,0.8438
155,1000,1500,0,0.01721,0.3818,0.601
156,1000,1000,1,0.08875,0.6567,0.2546
157,1000,1500,0,0.00837,0.1183,0.8735
158,1000,500,0,0.968,0.003819,0.02847
159,1000,1500,0,0.005398,0.3545,0.64
160,1000,1500,0,0.2124,0.2507,0.537
161,1000,1000,1,0.09753,0.6816,0.221
162,1000,500,0,0.584,0.3335,0.0829
163,1000,1000,1,0.05063,0.7617,0.1876
164,1000,1000,1,0.03488,0.55,0.415
165,1000,1000,1,0.0002468,0.577,0.4224
166,1000,1000,1,0.0525,0.49,0.4575
167,1000,1500,0,0.005646,0.3442,0.65
168,1000,1000,1,0.001604,0.958,0.04022
169,1000,1000,1,0.001156,0.975,0.02353
170,1000,1500,0,0.0002156,0.1226,0.877
171,1000,1000,1,0.0001937,0.716,0.2842
172,1000,1000,1,0.06714,0.897,0.03592
173,1000,1500,0,0.0003378,0.4739,0.526
174,1000,1000,1,0.001365,0.6025,0.3962
175,1000,1000,1,0.004116,0.558,0.4377
176,1000,1500,0,0.000728,0.3765,0.623
177,1000,1500,0,0.00352,0.2656,0.731
178,1000,1500,0,0.137,0.02962,0.8335
179,1000,1500,0,0.014656,0.10114,0.8843
180,1000,1000,1,0.3096,0.5796,0.11066
181,1000,1500,0,0.3545,0.203,0.4424
182,1000,500,0,0.811,0.08734,0.1017
183,1000,1500,0,0.0793,0.366,0.5547
184,1000,1000,1,0.05362,0.573,0.373
185,1000,1500,0,0.003311,0.2328,0.764
186,1000,1500,0,0.03513,0.306,0.6587
187,1000,1000,1,0.001431,0.917,0.0814
188,1000,1000,1,0.0002806,0.999,0.0004709
189,1000,1000,1,0.000655,0.9746,0.02472
190,1000,1000,1,0.000698,0.9233,0.0762
191,1000,1000,1,0.002132,0.9155,0.0824
192,1000,1000,1,0.00398,0.9165,0.0797
193,1000,1000,1,0.0002003,0.9883,0.01142
194,1000,1000,1,0.0003808,0.9897,0.00989
195,1000,1000,1,0.002686,0.9326,0.0649
196,1000,1000,1,0.001021,0.508,0.4912
197,1000,1000,1,0.0009146,0.8545,0.1445
198,1000,1000,1,0.000771,0.9014,0.09766
199,1000,1000,1,0.000301,0.985,0.01487
200,1000,1000,1,0.00075,0.994,0.005318
201,1000,1000,1,0.0001132,0.988,0.01203
202,1000,1000,1,0.007126,0.868,0.12476
203,1000,1000,1,0.002995,0.8647,0.1322
204,1000,1000,1,0.000343,0.953,0.04636
205,1000,1000,1,0.1252,0.703,0.1719
206,1000,1500,0,0.00451,0.2578,0.738
207,1000,1500,0,0.1081,0.426,0.4658
208,1000,1000,1,0.011,0.796,0.193
209,1000,1500,0,0.0002968,0.2874,0.7124
210,1000,1000,1,0.05002,0.568,0.382
211,1000,500,0,0.4084,0.2026,0.389
212,1000,1000,1,0.07605,0.8374,0.0867
213,1000,1500,0,0.00704,0.2793,0.714
214,1000,1000,1,0.0002584,0.978,0.02174
215,1000,1500,0,0.000378,0.09283,0.9067
216,1000,1000,1,0.02025,0.818,0.1617
217,1000,1500,0,0.012955,0.3442,0.6426
218,1000,1000,1,0.00258,0.9424,0.05515
219,1000,1500,0,0.000877,0.0832,0.916
220,1000,1500,0,0.02766,0.0819,0.8906
221,1000,1500,0,0.000662,0.4807,0.5186
222,1000,1500,0,0.0002978,0.0747,0.925
223,1000,1500,0,0.0103,0.2534,0.7363
224,1000,1500,0,0.001483,0.0294,0.969
225,1000,1000,1,0.00921,0.7046,0.2861
226,1000,1000,1,0.03683,0.6943,0.2686
227,1000,1000,1,0.01921,0.7046,0.276
228,1000,1000,1,0.402,0.5376,0.06027
229,1000,1500,0,0.001663,0.1809,0.8174
230,1000,1500,0,0.0622,0.2546,0.683
231,1000,1500,0,0.002476,0.1871,0.8105
232,1000,1500,0,0.001129,0.06223,0.9365
233,1000,500,0,0.5723,0.0652,0.3623
234,1000,1500,0,0.1416,0.4214,0.437
235,1000,1500,0,0.00196,0.0717,0.9263
236,1000,1500,0,0.001475,0.0875,0.911
237,1000,1500,0,0.013245,0.2556,0.731
238,1000,500,0,0.6772,0.01706,0.3054
239,1000,1500,0,0.002266,0.298,0.6997
240,1000,1500,0,0.0001993,0.054,0.946
241,1000,1500,0,0.0004127,0.1355,0.8643
242,1000,1500,0,0.001976,0.2207,0.7773
243,1000,1000,1,0.10724,0.745,0.1477
244,1000,1000,1,0.003033,0.8423,0.1545
245,1000,1000,1,0.05652,0.5938,0.3499
246,1000,1000,1,0.0089,0.608,0.383
247,1000,1500,0,0.002659,0.2927,0.7046
248,1000,1500,0,0.2279,0.1637,0.6084
249,1000,1500,0,0.04105,0.4185,0.5405
250,1000,1000,1,0.065,0.669,0.266
251,1000,1000,1,0.01349,0.909,0.07733
252,1000,1500,0,0.001619,0.3228,0.6753
253,1000,1000,1,0.1915,0.5757,0.2325
254,1000,1000,1,0.001447,0.895,0.10364
255,1000,1000,1,0.01262,0.727,0.2603
256,1000,1000,1,0.00699,0.9707,0.02254
257,1000,1000,1,0.02966,0.6562,0.3142
258,1000,1000,1,0.004265,0.9263,0.0697
259,1000,1000,1,0.00338,0.9136,0.0829
260,1000,1000,1,0.002264,0.903,0.09485
261,1000,1000,1,0.000237,0.852,0.1476
262,1000,1000,1,0.001078,0.79,0.2087
263,1000,1000,1,0.0002247,0.9956,0.004086
264,1000,1000,1,0.00032,0.882,0.11786
265,1000,1000,1,0.005028,0.584,0.411
266,1000,1000,1,0.005352,0.8823,0.1121
267,1000,1000,1,0.000496,0.9966,0.00287
268,1000,1500,0,5.776e-05,0.4663,0.5337
269,1000,1000,1,4e-06,1.0,0.0001289
270,1000,1000,1,0.0004022,0.9844,0.015076
271,1000,1000,1,0.000384,0.999,0.000697
272,1000,1000,1,0.001002,0.993,0.00569
273,1000,1000,1,0.000221,0.9814,0.01822
274,1000,1000,1,0.004734,0.901,0.0946
275,1000,1000,1,0.000544,0.9937,0.005714
276,1000,1000,1,0.0003245,0.998,0.001539
277,1000,1000,1,0.002996,0.886,0.111
278,1000,1000,1,1.13e-06,0.9995,0.000312
279,1000,1000,1,0.0002546,0.9995,0.0003653
280,1000,1000,1,0.00010055,0.9985,0.001426
281,1000,1000,1,6.723e-05,0.9985,0.001406
282,1000,1000,1,5.7e-06,0.9995,0.0003898
283,1000,1000,1,0.0006456,0.8843,0.115
284,1000,1000,1,2.635e-05,0.9995,0.000616
285,1000,1000,1,3.14e-05,0.9824,0.01735
286,1000,1000,1,0.001175,0.98,0.019
287,1000,1000,1,0.0004396,0.997,0.002485
288,1000,1000,1,0.000998,0.923,0.07635
289,1000,1000,1,0.03062,0.6274,0.3423
290,1000,1000,1,0.004356,0.8105,0.1849
291,1000,1000,1,6.2e-06,0.999,0.00086
292,1000,1000,1,0.01556,0.91,0.07404
293,1000,1000,1,8.4e-05,0.9976,0.002321
294,1000,1000,1,0.0007963,0.999,0.0001652
295,1000,1000,1,0.0002868,0.969,0.03058
296,1000,1000,1,0.0001783,0.9893,0.01053
297,1000,1000,1,0.00011724,0.9766,0.02335
298,1000,1000,1,0.0002582,0.989,0.01108
299,1000,1000,1,0.0003448,0.877,0.12256
300,1000,1000,1,0.001379,0.984,0.014755
301,1000,1000,1,3.165e-05,0.9995,0.0006256
302,1000,1000,1,0.01173,0.966,0.02264
303,1000,1000,1,0.000312,0.832,0.1676
304,1000,1000,1,0.0003552,0.9795,0.02034
305,1000,1000,1,6.056e-05,0.917,0.08276
306,1000,1000,1,7.063e-05,0.981,0.01895
307,1000,1000,1,0.0667,0.6533,0.2798
308,1000,1000,1,0.04285,0.6777,0.2795
309,1000,1000,1,3.7e-06,0.9985,0.001257
310,1000,1500,0,0.00884,0.2607,0.7305
311,1000,1000,1,0.004066,0.9717,0.02406
312,1000,1000,1,0.06042,0.78,0.1598
313,1000,1000,1,8.59e-05,0.9736,0.02608
314,1000,1000,1,0.0001307,0.998,0.001798
315,1000,1000,1,0.0001105,0.9683,0.0316
316,1000,1000,1,1.32e-05,0.999,0.001147
317,1000,1000,1,0.000403,0.768,0.2316
318,1000,1000,1,4.3e-06,0.9966,0.003208
319,1000,1000,1,1.49e-05,1.0,0.0002066
320,1000,1000,1,0.01584,0.9673,0.01704
321,1000,1000,1,0.0002844,0.997,0.002474
322,1000,1000,1,1.35e-05,0.999,0.0008073
323,1000,1000,1,0.002562,0.9805,0.01698
324,1000,1000,1,1.72e-05,1.0,7.68e-05
325,1000,1000,1,4.035e-05,0.9995,0.0003648
326,1000,1000,1,0.001877,0.995,0.002773
327,1000,1000,1,0.002151,0.9736,0.02415
328,1000,1000,1,5.67e-05,1.0,0.0001353
329,1000,1000,1,0.004337,0.901,0.09454
330,1000,1000,1,0.000334,0.9917,0.00795
331,1000,1000,1,5e-06,0.999,0.000983
332,1000,1000,1,0.000501,0.9775,0.02187
333,1000,1000,1,0.0403,0.93,0.02933
334,1000,1000,1,0.0001436,0.9995,0.000348
335,1000,1000,1,0.0004685,0.845,0.1543
336,1000,1000,1,5.96e-05,0.9985,0.0012865
337,1000,1000,1,0.00677,0.683,0.31
338,1000,1000,1,0.00847,0.9844,0.00737
339,1000,1000,1,0.000973,0.989,0.010086
340,1000,1000,1,0.01924,0.9575,0.02315
341,1000,1000,1,0.006165,0.9814,0.01257
342,1000,1000,1,0.002857,0.9956,0.001376
343,1000,1000,1,0.001885,0.9883,0.00987
344,1000,1500,0,0.0005364,0.1681,0.8315
345,1000,1000,1,0.0006776,0.9844,0.015175
346,1000,1000,1,0.0001394,0.9985,0.001491
347,1000,1000,1,3.266e-05,0.9995,0.00035
348,1000,1000,1,0.01002,0.7773,0.2129
349,1000,1000,1,0.0001453,0.995,0.00472
350,1000,1000,1,0.001235,0.9893,0.00967
351,1000,1000,1,0.000821,0.989,0.01022
352,1000,1000,1,3.35e-05,1.0,9.114e-05
353,1000,1000,1,0.0001432,0.9956,0.004066
354,1000,1000,1,0.2778,0.715,0.007442
355,1000,1000,1,0.0007935,0.9917,0.007713
356,1000,1000,1,0.0007854,0.995,0.004337
357,1000,1000,1,9.71e-05,0.995,0.005024
358,1000,1000,1,9.316e-05,0.996,0.00398
359,1000,1000,1,0.001044,0.9937,0.005524
360,1000,1000,1,1.82e-05,0.999,0.0009127
361,1000,1000,1,0.000573,0.998,0.001296
362,1000,1000,1,1.89e-05,0.9995,0.0003328
363,1000,1000,1,0.0003006,0.9727,0.02716
364,1000,1000,1,0.006084,0.9883,0.00583
365,1000,1000,1,5.8e-06,1.0,7.95e-05
366,1000,1000,1,3.94e-05,0.999,0.001037
367,1000,1000,1,0.0002358,0.999,0.000782
368,1000,1000,1,6.4e-06,0.999,0.001073
369,1000,1000,1,0.001893,0.996,0.001797
370,1000,1000,1,0.001007,0.9614,0.03763
371,1000,1500,0,0.05466,0.2462,0.699
372,1000,1000,1,0.0012045,0.989,0.0098
373,1000,1000,1,0.000165,0.999,0.000672
374,1000,1000,1,5.3e-06,1.0,0.0001512
375,1000,1000,1,0.0004048,0.9893,0.010544
376,1000,1000,1,0.000115,0.988,0.01219
377,1000,1000,1,0.0002809,0.9966,0.003273
378,1000,1000,1,0.00286,0.962,0.0354
379,1000,1000,1,4.3e-05,0.936,0.0639
380,1000,1000,1,8.315e-05,0.992,0.007698
381,1000,1500,0,0.1642,0.0717,0.764
382,1000,1000,1,0.001202,0.968,0.0309
383,1000,1000,1,0.0001974,0.993,0.006783
384,1000,1000,1,0.000692,0.931,0.06793
385,1000,1000,1,0.0085,0.6196,0.3718
386,1000,1000,1,4.63e-05,0.954,0.04587
387,1000,1000,1,0.0004587,0.9966,0.002821
388,1000,1000,1,0.001287,0.995,0.003628
389,1000,1000,1,0.006775,0.9688,0.02425
390,1000,1000,1,2.41e-05,0.999,0.0007215
391,1000,1000,1,7.5e-06,0.9995,0.0004663
392,1000,1000,1,5.424e-05,0.9824,0.01738
393,1000,1000,1,4.53e-06,0.9893,0.010605
394,1000,1000,1,6.56e-06,0.9995,0.0003467
395,1000,1000,1,6.205e-05,0.9995,0.0003276
396,1000,1000,1,0.0004637,0.9937,0.006054
397,1000,1000,1,6.545e-05,0.9985,0.001636
398,1000,1000,1,0.01794,0.9604,0.02164
399,1000,1000,1,0.0001769,0.9927,0.007103
400,1000,1000,1,0.0002935,0.9976,0.002161
401,1000,1000,1,3.9e-06,1.0,4.965e-05
402,1000,1000,1,6.837e-05,0.995,0.004925
403,1000,1000,1,7.72e-05,0.9995,0.0005465
404,1000,1000,1,9.39e-05,0.9956,0.00407
405,1000,1000,1,4.57e-05,0.995,0.004753
406,1000,1000,1,0.00944,0.9062,0.0844
407,1000,1000,1,0.0002193,0.993,0.006695
408,1000,1000,1,0.0002302,0.7793,0.2206
409,1000,1000,1,7.36e-05,0.999,0.001004
410,1000,1000,1,0.0002326,0.993,0.00683
411,1000,1000,1,0.0003345,0.997,0.002766
412,1000,1000,1,0.0004032,0.989,0.01082
413,1000,1000,1,0.00552,0.9917,0.002731
414,1000,1000,1,2.795e-05,0.9995,0.0002947
415,1000,1000,1,0.001418,0.992,0.006397
416,1000,1000,1,0.012634,0.951,0.0362
417,1000,1000,1,0.0005116,0.9907,0.00883
418,1000,1500,0,0.04697,0.3079,0.645
419,1000,1000,1,0.000706,0.5625,0.437
420,1000,1000,1,0.01888,0.9683,0.01274
421,1000,1000,1,0.0004878,0.915,0.08435
422,1000,1000,1,0.0004644,0.6514,0.3481
423,1000,1000,1,3.41e-05,0.9995,0.0004692
424,1000,1000,1,0.0004084,0.777,0.2227
425,1000,1000,1,7.415e-05,0.9985,0.001238
426,1000,1000,1,0.001987,0.945,0.05295
427,1000,1000,1,0.0001221,0.997,0.002766
428,1000,1000,1,0.0001353,0.998,0.001621
429,1000,1000,1,0.0001022,0.9917,0.00828
430,1000,1000,1,0.002388,0.9863,0.01148
431,1000,1000,1,5.28e-05,0.9985,0.001261
432,1000,1000,1,0.0002093,0.997,0.002518
433,1000,1000,1,0.000996,0.9194,0.0796
434,1000,1000,1,0.001592,0.9927,0.005535
435,1000,1000,1,0.00010926,0.9995,0.0004776
436,1000,1000,1,0.001679,0.9917,0.006565
437,1000,1000,1,0.002573,0.85,0.1472
438,1000,1000,1,1.23e-05,0.9995,0.000275
439,1000,1000,1,0.0008593,0.997,0.002062
440,1000,1000,1,0.00010353,0.973,0.02698
441,1000,1000,1,4.91e-05,0.9854,0.01472
442,1000,1000,1,0.00618,0.928,0.06573
443,1000,1000,1,0.0001242,0.9644,0.0353
444,1000,1000,1,0.000266,0.871,0.1285
445,1000,1000,1,1.997e-05,0.9976,0.002516
446,1000,1000,1,2.134e-05,0.9824,0.01779
447,1000,1000,1,0.0003576,0.769,0.2305
448,1000,1000,1,0.005466,0.9917,0.002638
449,1000,1000,1,7.38e-05,0.945,0.0552
450,1000,1000,1,2.25e-05,1.0,0.0001512
451,1000,1000,1,0.001714,0.9697,0.0288
452,1000,1000,1,0.0001409,0.8687,0.1313
453,1000,1000,1,4.8e-06,0.9995,0.0002534
454,1000,1000,1,0.0001154,0.9956,0.004307
455,1000,1000,1,0.003902,0.9795,0.01651
456,1000,1000,1,4.47e-05,0.9927,0.00708
457,1000,1000,1,0.0008287,0.771,0.228
458,1000,1000,1,0.01334,0.6694,0.3174
459,1000,1000,1,0.002766,0.9585,0.03894
460,1000,1000,1,0.2091,0.664,0.1266
461,1000,1000,1,0.000801,0.97,0.0288
462,1000,1000,1,1.204e-05,0.9976,0.00224
463,1000,1000,1,0.00068,0.992,0.007328
464,1000,1000,1,0.004757,0.8687,0.1266
465,1000,1000,1,4.34e-05,0.998,0.002098
466,1000,1000,1,4.77e-05,0.998,0.001793
467,1000,1000,1,0.002808,0.988,0.00947
468,1000,1000,1,0.0003996,0.9604,0.0389
469,1000,1000,1,0.0004377,0.9985,0.0008807
470,1000,1000,1,0.0001215,0.9917,0.00795
471,1000,1000,1,0.0008883,0.9463,0.053
472,1000,1000,1,0.02002,0.6646,0.3152
473,1000,1000,1,0.0002756,0.9907,0.00885
474,1000,1000,1,0.00011235,1.0,0.0001066
475,1000,1000,1,0.0002363,0.999,0.000823
476,1000,1000,1,0.000371,0.7227,0.277
477,1000,1000,1,0.0002575,0.9976,0.002178
478,1000,1500,0,0.0008655,0.3533,0.646
479,1000,1000,1,0.0001999,0.9937,0.00593
480,1000,1000,1,0.004803,0.866,0.1289
481,1000,1000,1,0.000453,0.9937,0.00571
482,1000,1000,1,0.000169,0.9863,0.01328
483,1000,1000,1,5.43e-05,0.9995,0.0004609
484,1000,1000,1,2.986e-05,0.999,0.0009246
485,1000,1000,1,0.0001345,0.996,0.003674
486,1000,1000,1,0.0004447,0.9985,0.001083
487,1000,1000,1,0.001471,0.9937,0.00504
488,1000,1000,1,1.76e-05,0.993,0.007015
489,1000,1000,1,0.0001814,0.9966,0.00322
490,1000,1000,1,0.01241,0.8403,0.1472
491,1000,1000,1,1.5e-06,0.999,0.0007744
492,1000,1000,1,5.37e-05,0.9966,0.003563
493,1000,1000,1,9.114e-05,0.9937,0.006218
494,1000,1000,1,0.000879,0.99,0.00887
495,1000,1000,1,0.00822,0.933,0.05865
496,1000,1000,1,0.001829,0.766,0.2322
497,1000,1000,1,0.000261,0.9424,0.05743
498,1000,1000,1,4.02e-05,0.999,0.0007606
499,1000,1000,1,0.003084,0.9673,0.02979
500,1500,1000,0,0.0881,0.8677,0.04446
501,1500,1500,1,0.09296,0.11145,0.7954
502,1500,1500,1,0.03958,0.1936,0.767
503,1500,1500,1,0.00243,0.0965,0.901
504,1500,1500,1,0.0041,0.10376,0.892
505,1500,500,0,0.9517,0.03534,0.0128
506,1500,500,0,0.3904,0.3777,0.232
507,1500,1500,1,0.1841,0.2489,0.567
508,1500,500,0,0.683,0.0721,0.245
509,1500,500,0,0.9937,0.001922,0.004414
510,1500,1500,1,0.09686,0.3777,0.5254
511,1500,1500,1,0.12,0.2898,0.5903
512,1500,1000,0,0.06476,0.7065,0.2288
513,1500,1500,1,0.2903,0.2874,0.4224
514,1500,500,0,0.671,0.1066,0.2223
515,1500,1500,1,0.2593,0.03555,0.705
516,1500,1500,1,0.283,0.2778,0.4392
517,1500,1500,1,0.00919,0.0748,0.916
518,1500,500,0,0.818,0.00756,0.1746
519,1500,1500,1,0.3784,0.1033,0.518
520,1500,1500,1,0.2487,0.0373,0.714
521,1500,1500,1,0.0005836,0.10895,0.8906
522,1500,1500,1,0.005135,0.2194,0.7754
523,1500,1500,1,6.187e-05,0.2173,0.7827
524,1500,1500,1,0.01505,0.194,0.791
525,1500,1000,0,0.002392,0.577,0.4204
526,1500,1500,1,0.002592,0.277,0.72
527,1500,1000,0,0.152,0.6133,0.2347
528,1500,1500,1,0.03293,0.2722,0.695
529,1500,1000,0,0.0001915,0.9634,0.03635
530,1500,1500,1,0.0001836,0.10443,0.8955
531,1500,1500,1,0.0001931,0.3162,0.6836
532,1500,1500,1,0.02194,0.08765,0.8906
533,1500,1500,1,0.000565,0.4453,0.554
534,1500,1500,1,0.001934,0.1594,0.839
535,1500,1500,1,0.0005608,0.0833,0.916
536,1500,1000,0,0.1153,0.785,0.09973
537,1500,1500,1,0.0002337,0.06635,0.9336
538,1500,1500,1,0.008545,0.1302,0.8613
539,1500,1500,1,0.0004299,0.1393,0.8604
540,1500,1500,1,0.00794,0.1959,0.796
541,1500,1000,0,0.01643,0.7603,0.2231
542,1500,1500,1,0.04773,0.2986,0.654
543,1500,1000,0,0.02939,0.639,0.3313
544,1500,1000,0,0.001955,0.641,0.357
545,1500,1000,0,0.007496,0.825,0.1672
546,1500,1500,1,0.000691,0.3538,0.6455
547,1500,1000,0,0.03806,0.821,0.1411
548,1500,1500,1,0.013756,0.2534,0.733
549,1500,1000,0,0.001223,0.9736,0.02518
550,1500,1500,1,0.001357,0.1705,0.828
551,1500,1000,0,0.08624,0.6074,0.3064
552,1500,1500,1,0.005466,0.4587,0.5356
553,1500,500,0,0.4731,0.1908,0.336
554,1500,1500,1,0.000701,0.1251,0.874
555,1500,1500,1,0.00671,0.10596,0.887
556,1500,1500,1,0.0007844,0.1084,0.8906
557,1500,1500,1,0.006596,0.3801,0.6133
558,1500,1500,1,0.001716,0.1387,0.8594
559,1500,1500,1,0.07825,0.3962,0.5254
560,1500,1500,1,0.0002902,0.4368,0.563
561,1500,1000,0,0.000706,0.613,0.3865
562,1500,1500,1,0.0051,0.0893,0.906
563,1500,1500,1,0.001127,0.1123,0.8867
564,1500,1500,1,0.006023,0.291,0.703
565,1500,1000,0,0.2896,0.627,0.08325
566,1500,1500,1,0.00387,0.1304,0.8657
567,1500,1500,1,0.0349,0.1111,0.854
568,1500,1500,1,0.003706,0.2251,0.771
569,1500,1500,1,0.0003731,0.13,0.8696
570,1500,1500,1,0.0001096,0.262,0.738
571,1500,1500,1,0.00414,0.2343,0.7617
572,1500,1500,1,0.00725,0.042,0.9507
573,1500,1500,1,0.01643,0.0765,0.907
574,1500,1500,1,0.04678,0.3384,0.6147
575,1500,1500,1,0.04163,0.4316,0.527
576,1500,1500,1,0.1725,0.1946,0.633
577,1500,1500,1,0.2537,0.0701,0.6763
578,1500,1000,0,0.10754,0.7065,0.1857
579,1500,1500,1,0.007195,0.4053,0.5874
580,1500,1500,1,0.0004187,0.4382,0.5615
581,1500,1500,1,0.05838,0.0753,0.866
582,1500,500,0,0.8823,0.0796,0.0379
583,1500,1500,1,0.02876,0.0575,0.9136
584,1500,1500,1,0.06238,0.4385,0.4993
585,1500,1500,1,0.005283,0.2722,0.722
586,1500,1000,0,0.02217,0.527,0.451
587,1500,1500,1,0.1597,0.2001,0.64
588,1500,500,0,0.953,0.0165,0.0306
589,1500,1500,1,0.002981,0.4233,0.5737
590,1500,1000,0,0.002386,0.6475,0.3503
591,1500,1000,0,0.09106,0.765,0.144
592,1500,1500,1,0.001146,0.1967,0.8022
593,1500,1000,0,0.004036,0.8867,0.1092
594,1500,1500,1,0.3298,0.06033,0.61
595,1500,1500,1,0.0027,0.1649,0.8325
596,1500,1000,0,0.08966,0.51,0.4006
597,1500,1500,1,0.02502,0.1438,0.831
598,1500,1500,1,0.0373,0.114,0.8486
599,1500,1500,1,0.005676,0.0902,0.9043
600,1500,1500,1,0.04385,0.0865,0.8696
601,1500,1500,1,0.0004413,0.1401,0.8594
602,1500,1500,1,0.001495,0.03061,0.968
603,1500,1500,1,0.000871,0.2024,0.797
604,1500,1500,1,0.0001558,0.2861,0.714
605,1500,1500,1,0.004852,0.04462,0.9507
606,1500,1500,1,0.000615,0.1054,0.894
607,1500,1500,1,0.05627,0.03195,0.9116
608,1500,1500,1,0.002851,0.3418,0.6553
609,1500,1500,1,0.00489,0.328,0.6675
610,1500,1500,1,0.003704,0.4302,0.566
611,1500,1500,1,0.2026,0.0377,0.76
612,1500,1500,1,0.00365,0.489,0.5073
613,1500,1500,1,0.001978,0.25,0.748
614,1500,1500,1,0.004,0.3108,0.685
615,1500,1500,1,0.002407,0.1848,0.813
616,1500,1500,1,0.1678,0.311,0.5215
617,1500,1500,1,0.0427,0.1787,0.779
618,1500,1500,1,0.162,0.1324,0.7056
619,1500,1500,1,0.2278,0.2255,0.547
620,1500,1500,1,0.004448,0.1316,0.8643
621,1500,1500,1,0.000574,0.12036,0.879
622,1500,1500,1,0.000888,0.1108,0.888
623,1500,1500,1,0.0125,0.01886,0.9688
624,1500,1500,1,0.007248,0.0871,0.906
625,1500,1500,1,0.3354,0.0281,0.6367
626,1500,1500,1,0.02185,0.1423,0.836
627,1500,1500,1,0.0003603,0.2457,0.754
628,1500,1500,1,0.1135,0.06396,0.8223
629,1500,1500,1,0.0032,0.1647,0.832
630,1500,1500,1,0.004723,0.11285,0.8823
631,1500,1500,1,0.02817,0.3308,0.641
632,1500,1500,1,0.0005293,0.3865,0.613
633,1500,1000,0,0.02515,0.549,0.426
634,1500,1000,0,0.0002933,0.8213,0.1785
635,1500,1500,1,0.004017,0.04898,0.947
636,1500,1000,0,0.0263,0.618,0.3552
637,1500,1500,1,0.014694,0.4392,0.546
638,1500,1500,1,0.00961,0.4402,0.5503
639,1500,1500,1,0.2406,0.2412,0.518
640,1500,1500,1,0.012474,0.2993,0.6885
641,1500,1500,1,0.01097,0.2764,0.713
642,1500,500,0,0.4336,0.2124,0.354
643,1500,1500,1,0.0767,0.1802,0.743
644,1500,1500,1,0.01035,0.2273,0.762
645,1500,1500,1,0.004307,0.1376,0.858
646,1500,1500,1,0.003412,0.37,0.6265
647,1500,500,0,0.7812,0.1349,0.08405
648,1500,1500,1,0.002657,0.0998,0.8975
649,1500,1000,0,7.594e-05,0.89,0.10986
650,1500,1500,1,0.02068,0.03323,0.9463
651,1500,1500,1,0.01147,0.3213,0.667
652,1500,1000,0,0.0405,0.5254,0.434
653,1500,1500,1,0.0001806,0.10516,0.8945
654,1500,1500,1,0.01333,0.0917,0.895
655,1500,1500,1,0.00105,0.4346,0.5645
656,1500,1000,0,0.00686,0.6084,0.3848
657,1500,500,0,0.8623,0.04932,0.08844
658,1500,1500,1,0.05545,0.257,0.6875
659,1500,1500,1,0.05576,0.1552,0.789
660,1500,1500,1,0.001106,0.0686,0.93
661,1500,1500,1,0.144,0.1833,0.673
662,1500,1500,1,0.0003462,0.02249,0.977
663,1500,1500,1,0.00464,0.0367,0.9585
664,1500,1500,1,0.00843,0.135,0.8564
665,1500,1500,1,0.08514,0.01309,0.902
666,1500,1500,1,0.000596,0.428,0.5713
667,1500,1500,1,0.01903,0.01526,0.966
668,1500,1500,1,0.02472,0.3008,0.6743
669,1500,1500,1,0.003242,0.3591,0.6377
670,1500,1500,1,0.082,0.11,0.808
671,1500,1500,1,0.001957,0.11725,0.881
672,1500,500,0,0.4033,0.2269,0.3696
673,1500,1500,1,0.01743,0.3936,0.589
674,1500,1500,1,0.25,0.3157,0.4343
675,1500,500,0,0.3643,0.2788,0.357
676,1500,1500,1,0.01701,0.4614,0.5215
677,1500,1500,1,0.343,0.2996,0.3574
678,1500,1500,1,0.0002139,0.3022,0.6973
679,1500,1500,1,0.000771,0.2079,0.7915
680,1500,500,0,0.7954,0.0247,0.18
681,1500,1500,1,0.0028,0.2256,0.7715
682,1500,1500,1,0.003113,0.1669,0.83
683,1500,1500,1,0.001501,0.2825,0.7163
684,1500,1500,1,0.0004642,0.4148,0.585
685,1500,1500,1,0.2004,0.0291,0.7705
686,1500,1500,1,0.0819,0.11487,0.803
687,1500,1500,1,0.001356,0.2258,0.773
688,1500,1500,1,0.006836,0.01665,0.9766
689,1500,500,0,0.841,0.04758,0.1116
690,1500,1500,1,0.002684,0.2067,0.7905
691,1500,1500,1,0.3328,0.03072,0.6367
692,1500,1500,1,0.001892,0.3894,0.6084
693,1500,1500,1,0.002146,0.397,0.601
694,1500,1000,0,0.003508,0.7256,0.271
695,1500,1000,0,0.1176,0.7026,0.1798
696,1500,1000,0,0.007675,0.9497,0.0425
697,1500,1500,1,0.00808,0.2732,0.7188
698,1500,1500,1,0.0008655,0.3364,0.6626
699,1500,1000,0,0.0005255,0.541,0.4583
700,1500,1500,1,0.001214,0.1528,0.8457
701,1500,1500,1,0.1836,0.1294,0.687
702,1500,1000,0,1.967e-05,0.7524,0.2476
703,1500,1500,1,0.001474,0.1823,0.8164
704,1500,1500,1,0.0005345,0.2152,0.784
705,1500,1500,1,0.1934,0.0459,0.7607
706,1500,1500,1,0.4585,0.0559,0.4856
707,1500,1500,1,1.91e-05,0.4775,0.5225
708,1500,1500,1,0.014366,0.3035,0.682
709,1500,1500,1,0.1082,0.3098,0.582
710,1500,1500,1,0.0396,0.2457,0.715
711,1500,500,0,0.479,0.1686,0.3525
712,1500,1500,1,0.1886,0.1499,0.6616
713,1500,1500,1,0.1954,0.3616,0.443
714,1500,1500,1,0.10675,0.3406,0.5527
715,1500,1500,1,0.1415,0.1813,0.6772
716,1500,1000,0,0.001758,0.864,0.1346
717,1500,1000,0,0.006115,0.5312,0.4626
718,1500,1000,0,0.09937,0.5117,0.389
719,1500,1500,1,0.0818,0.3801,0.538
720,1500,1000,0,0.012024,0.592,0.3962
721,1500,1000,0,0.00259,0.5073,0.49
722,1500,1500,1,0.000599,0.1644,0.835
723,1500,1000,0,0.00505,0.504,0.4912
724,1500,1000,0,0.01595,0.6484,0.3357
725,1500,1500,1,0.001758,0.424,0.574
726,1500,1500,1,0.1732,0.2617,0.565
727,1500,1500,1,0.001504,0.3245,0.6743
728,1500,1500,1,0.0004144,0.11346,0.886
729,1500,1000,0,0.000802,0.6187,0.3804
730,1500,1500,1,0.006073,0.05048,0.9434
731,1500,500,0,0.961,0.012634,0.02657
732,1500,1500,1,0.02829,0.1603,0.8115
733,1500,500,0,0.632,0.0411,0.3271
734,1500,1500,1,0.002298,0.1233,0.8745
735,1500,1500,1,0.01166,0.1593,0.829
736,1500,500,0,0.851,0.03238,0.11676
737,1500,1500,1,0.1807,0.1533,0.666
738,1500,1500,1,0.298,0.0975,0.6045
739,1500,1500,1,0.005383,0.01002,0.9844
740,1500,1500,1,0.0001669,0.0739,0.926
741,1500,1000,0,0.005875,0.578,0.4163
742,1500,1500,1,0.2695,0.0438,0.6865
743,1500,1500,1,0.006535,0.03485,0.9585
744,1500,1500,1,0.00469,0.4392,0.556
745,1500,1500,1,0.001317,0.1139,0.885
746,1500,1500,1,0.0001624,0.142,0.858
747,1500,1500,1,0.0003965,0.08264,0.917
748,1500,1500,1,0.3306,0.11584,0.5537
749,1500,1500,1,0.000532,0.05753,0.942
750,1500,1500,1,0.0914,0.05234,0.8564
751,1500,1000,0,0.0018835,0.5273,0.4707
752,1500,1500,1,0.003563,0.10034,0.896
753,1500,1500,1,0.00492,0.05054,0.9443
754,1500,1500,1,0.007214,0.0981,0.8945
755,1500,1500,1,0.000632,0.1941,0.805
756,1500,1500,1,0.004406,0.1819,0.8135
757,1500,1500,1,0.001044,0.0325,0.9663
758,1500,1500,1,0.01984,0.4006,0.5796
759,1500,1500,1,0.004005,0.05493,0.941
760,1500,1500,1,0.04666,0.3184,0.635
761,1500,1500,1,0.0322,0.202,0.7656
762,1500,500,0,0.523,0.03693,0.4402
763,1500,1500,1,0.2041,0.0656,0.7305
764,1500,1500,1,0.0002122,0.01813,0.9814
765,1500,1500,1,0.005165,0.1791,0.816
766,1500,1500,1,0.02084,0.04865,0.9307
767,1500,1500,1,0.4368,0.01485,0.5483
768,1500,500,0,0.909,0.0576,0.03348
769,1500,1000,0,0.0098,0.783,0.2072
770,1500,1500,1,0.01467,0.393,0.5923
771,1500,1500,1,0.001173,0.0869,0.912
772,1500,1500,1,0.3572,0.2148,0.428
773,1500,1500,1,0.008545,0.11194,0.8794
774,1500,1000,0,0.028,0.811,0.1608
775,1500,1000,0,0.01178,0.7593,0.229
776,1500,1500,1,0.009476,0.05673,0.9336
777,1500,1000,0,0.2065,0.401,0.3926
778,1500,1500,1,0.00178,0.05103,0.9473
779,1500,1500,1,0.1678,0.2289,0.6035
780,1500,1000,0,0.221,0.5957,0.1835
781,1500,1500,1,0.07056,0.3489,0.5806
782,1500,1500,1,0.01189,0.02922,0.959
783,1500,1000,0,0.0005755,0.76,0.2397
784,1500,1000,0,0.0004482,0.9424,0.05737
785,1500,1000,0,0.1711,0.78,0.04907
786,1500,1000,0,0.0004334,0.568,0.432
787,1500,1500,1,9.73e-05,0.3152,0.6846
788,1500,1500,1,0.1572,0.3027,0.54
789,1500,1500,1,0.005424,0.2427,0.752
790,1500,1500,1,3.546e-05,0.1493,0.8506
791,1500,1000,0,0.000983,0.6763,0.3228
792,1500,1500,1,0.00519,0.1968,0.798
793,1500,1000,0,0.08856,0.5386,0.3728
794,1500,1500,1,0.007435,0.133,0.8594
795,1500,1000,0,0.0006742,0.868,0.1312
796,1500,1000,0,0.2472,0.6885,0.06445
797,1500,1000,0,0.006443,0.7686,0.225
798,1500,1500,1,0.02403,0.3787,0.597
799,1500,1500,1,0.001248,0.2883,0.7104
800,1500,1000,0,0.3367,0.636,0.02711
801,1500,1500,1,0.002296,0.355,0.6426
802,1500,1000,0,0.01602,0.7886,0.1954
803,1500,1500,1,0.3408,0.2225,0.4365
804,1500,1500,1,0.03265,0.3635,0.604
805,1500,1500,1,0.003084,0.1334,0.8633
806,1500,500,0,0.4414,0.2832,0.2754
807,1500,1500,1,0.01624,0.2463,0.7373
808,1500,1500,1,0.10925,0.02788,0.863
809,1500,1500,1,0.00998,0.1536,0.8364
810,1500,1500,1,0.01645,0.0421,0.9414
811,1500,1500,1,0.0004015,0.3123,0.6875
812,1500,1500,1,0.0879,0.3647,0.5474
813,1500,1500,1,0.03488,0.06964,0.8955
814,1500,1500,1,0.002764,0.363,0.6343
815,1500,1000,0,0.0314,0.703,0.2656
816,1500,1500,1,0.07983,0.3284,0.592
817,1500,500,0,0.776,0.02908,0.195
818,1500,1500,1,0.00413,0.0663,0.9297
819,1500,1000,0,0.0007753,0.559,0.4404
820,1500,500,0,0.72,0.04004,0.2396
821,1500,1000,0,0.2045,0.4465,0.3489
822,1500,1500,1,0.006073,0.238,0.756
823,1500,1000,0,0.0001025,0.522,0.478
824,1500,1500,1,0.2764,0.17,0.5537
825,1500,1000,0,0.0001568,0.6665,0.3333
826,1500,1000,0,0.01376,0.7354,0.2507
827,1500,1500,1,0.02174,0.301,0.6772
828,1500,1500,1,0.001466,0.2627,0.736
829,1500,1000,0,0.2141,0.4956,0.2903
830,1500,1500,1,0.001694,0.2563,0.7417
831,1500,1500,1,0.4265,0.08966,0.484
832,1500,1500,1,0.01636,0.1625,0.8213
833,1500,1000,0,0.000948,0.7607,0.2384
834,1500,1500,1,0.003407,0.2303,0.766
835,1500,1500,1,0.000983,0.1881,0.811
836,1500,1500,1,0.00585,0.2032,0.791
837,1500,1500,1,0.001256,0.0741,0.925
838,1500,1500,1,0.0001245,0.0891,0.9106
839,1500,1500,1,0.00468,0.1292,0.866
840,1500,1500,1,0.005497,0.1676,0.8267
841,1500,1000,0,0.005714,0.618,0.376
842,1500,1500,1,0.001275,0.04694,0.9517
843,1500,1500,1,0.02145,0.3372,0.641
844,1500,500,0,0.4827,0.2152,0.302
845,1500,500,0,0.5503,0.1104,0.3394
846,1500,1500,1,0.005238,0.3208,0.674
847,1500,1500,1,0.3755,0.04462,0.58
848,1500,500,0,0.9507,0.01624,0.03293
849,1500,1500,1,0.0916,0.2369,0.6714
850,1500,1500,1,9.75e-05,0.01076,0.9893
851,1500,500,0,0.391,0.2292,0.3796
852,1500,1500,1,0.00913,0.3982,0.593
853,1500,1500,1,0.01293,0.1252,0.862
854,1500,1500,1,0.24,0.1547,0.6055
855,1500,1500,1,0.0082,0.0863,0.9053
856,1500,500,0,0.9634,0.00699,0.02982
857,1500,500,0,0.706,0.1493,0.1448
858,1500,1500,1,0.152,0.3965,0.4517
859,1500,1500,1,0.001219,0.2024,0.7964
860,1500,1500,1,0.000686,0.0663,0.933
861,1500,1500,1,0.0322,0.1593,0.8086
862,1500,1500,1,0.00446,0.1831,0.8125
863,1500,1500,1,0.02533,0.266,0.7085
864,1500,1000,0,0.0765,0.544,0.3796
865,1500,1500,1,0.000833,0.3577,0.6416
866,1500,1500,1,0.4275,0.02008,0.5527
867,1500,1500,1,0.05225,0.404,0.544
868,1500,1000,0,0.0347,0.675,0.2905
869,1500,1500,1,0.01275,0.3171,0.67
870,1500,1500,1,0.1938,0.206,0.6
871,1500,1500,1,0.1442,0.1037,0.752
872,1500,1000,0,0.02875,0.885,0.0864
873,1500,1000,0,0.02095,0.5566,0.4224
874,1500,1500,1,0.003983,0.2715,0.7246
875,1500,1500,1,0.01984,0.08905,0.891
876,1500,1500,1,0.004154,0.143,0.853
877,1500,500,0,0.566,0.0852,0.3489
878,1500,1500,1,0.007282,0.2642,0.7285
879,1500,1500,1,0.001058,0.0868,0.912
880,1500,1500,1,0.01348,0.0642,0.9224
881,1500,500,0,0.4473,0.2834,0.2693
882,1500,1000,0,0.03583,0.877,0.08704
883,1500,1500,1,0.001426,0.2229,0.776
884,1500,1500,1,0.002106,0.3425,0.6553
885,1500,1000,0,0.0003207,0.588,0.4119
886,1500,1500,1,0.001092,0.1901,0.809
887,1500,1500,1,0.01057,0.24,0.7495
888,1500,1000,0,0.02934,0.612,0.359
889,1500,1500,1,0.10535,0.3013,0.5933
890,1500,1500,1,0.2383,0.0651,0.697
891,1500,1000,0,0.00231,0.6196,0.3782
892,1500,1500,1,0.000538,0.3389,0.6606
893,1500,1500,1,9.68e-05,0.05008,0.9497
894,1500,1500,1,0.2037,0.1377,0.6587
895,1500,1000,0,0.0005364,0.6333,0.366
896,1500,1500,1,0.05548,0.4421,0.5024
897,1500,1500,1,0.022,0.03708,0.941
898,1500,1500,1,0.03041,0.06207,0.9077
899,1500,1500,1,0.0255,0.05734,0.917
900,1500,500,0,0.551,0.09784,0.3513
901,1500,1500,1,0.02246,0.1338,0.8438
902,1500,1500,1,0.07306,0.2003,0.7266
903,1500,1500,1,0.01269,0.3542,0.6333
904,1500,500,0,0.6924,0.01927,0.2886
905,1500,500,0,0.824,0.03915,0.1366
906,1500,1500,1,0.02536,0.1209,0.8535
907,1500,1500,1,0.00805,0.09033,0.9014
908,1500,1500,1,0.01156,0.31,0.678
909,1500,1500,1,0.001478,0.2145,0.784
910,1500,1000,0,0.00155,0.804,0.1941
911,1500,1500,1,0.05862,0.0706,0.8706
912,1500,500,0,0.984,0.004566,0.011566
913,1500,1500,1,0.4226,0.1164,0.461
914,1500,1500,1,0.05685,0.1276,0.8154
915,1500,1500,1,0.04428,0.1093,0.846
916,1500,1500,1,0.2747,0.0915,0.634
917,1500,1500,1,0.0004103,0.0889,0.9106
918,1500,1500,1,0.00543,0.2106,0.784
919,1500,1500,1,0.001198,0.03958,0.9595
920,1500,1500,1,0.3315,0.2148,0.4536
921,1500,1000,0,0.0018835,0.5493,0.4487
922,1500,1500,1,0.001177,0.04904,0.9497
923,1500,1500,1,0.001628,0.2155,0.7827
924,1500,1500,1,0.0006795,0.2289,0.7705
925,1500,1500,1,0.000899,0.1577,0.8413
926,1500,1500,1,0.002506,0.174,0.8237
927,1500,1000,0,0.00434,0.7227,0.2727
928,1500,500,0,0.9336,0.007103,0.05917
929,1500,1500,1,0.002733,0.1951,0.8022
930,1500,1500,1,0.02133,0.185,0.7935
931,1500,500,0,0.8545,0.08014,0.0653
932,1500,1500,1,0.1731,0.05463,0.7725
933,1500,1500,1,0.03348,0.3818,0.5845
934,1500,1500,1,0.003511,0.05844,0.938
935,1500,1500,1,0.002565,0.0875,0.9097
936,1500,1500,1,0.01704,0.3503,0.633
937,1500,1000,0,0.0778,0.595,0.3271
938,1500,1500,1,0.01317,0.1987,0.788
939,1500,1500,1,0.279,0.1306,0.5903
940,1500,1500,1,0.003252,0.1788,0.818
941,1500,500,0,0.676,0.02298,0.301
942,1500,500,0,0.508,0.1057,0.3862
943,1500,1500,1,0.02034,0.0733,0.9062
944,1500,1500,1,0.00432,0.06696,0.9287
945,1500,1500,1,0.001057,0.1696,0.8296
946,1500,1500,1,0.001203,0.05057,0.948
947,1500,1500,1,0.0555,0.3367,0.608
948,1500,1500,1,0.08014,0.281,0.6387
949,1500,1500,1,0.0003905,0.02097,0.9785
950,1500,1500,1,0.03687,0.392,0.571
951,1500,1500,1,0.0006065,0.2485,0.751
952,1500,1000,0,0.00705,0.671,0.3223
953,1500,1500,1,0.01191,0.1317,0.8564
954,1500,1500,1,0.006035,0.2411,0.753
955,1500,1500,1,0.02512,0.3596,0.615
956,1500,1500,1,0.3079,0.1469,0.5454
957,1500,1000,0,0.11145,0.5835,0.3052
958,1500,1500,1,0.0125,0.3713,0.616
959,1500,1500,1,0.0382,0.2278,0.734
960,1500,1500,1,0.0562,0.1561,0.7876
961,1500,1500,1,0.0242,0.4502,0.526
962,1500,1500,1,0.2573,0.2245,0.518
963,1500,1500,1,1.22e-05,0.012794,0.9873
964,1500,1500,1,0.1786,0.0357,0.7856
965,1500,1500,1,0.00441,0.2,0.7954
966,1500,1500,1,0.001115,0.10474,0.894
967,1500,1500,1,0.00592,0.1508,0.8433
968,1500,1000,0,0.0007534,0.519,0.4802
969,1500,1500,1,0.00155,0.0761,0.9224
970,1500,1500,1,0.0728,0.1192,0.808
971,1500,1500,1,0.001365,0.4792,0.5195
972,1500,1500,1,0.2988,0.1526,0.549
973,1500,1500,1,0.402,0.09515,0.503
974,1500,1500,1,0.01765,0.0451,0.937
975,1500,1500,1,0.2156,0.07983,0.7046
976,1500,1500,1,0.0284,0.4429,0.529
977,1500,1500,1,0.02336,0.3635,0.6133
978,1500,500,0,0.819,0.02716,0.1539
979,1500,500,0,0.584,0.04376,0.3723
980,1500,1500,1,0.10254,0.1392,0.7583
981,1500,1500,1,0.2532,0.06525,0.6816
982,1500,1500,1,0.01578,0.1152,0.869
983,1500,1500,1,0.02483,0.02357,0.9517
984,1500,1500,1,0.01211,0.0593,0.9287
985,1500,500,0,0.9473,0.010544,0.04242
986,1500,1000,0,0.00816,0.8115,0.1802
987,1500,1000,0,0.03123,0.793,0.1759
988,1500,500,0,0.6533,0.03308,0.3137
989,1500,1500,1,0.08093,0.0411,0.878
990,1500,1500,1,0.00826,0.0988,0.893
991,1500,1500,1,0.3035,0.3137,0.3828
992,1500,500,0,0.8457,0.04617,0.108
993,1500,1500,1,0.1262,0.1009,0.773
994,1500,1500,1,0.02448,0.3206,0.6553
995,1500,1500,1,0.01778,0.1321,0.85
996,1500,1500,1,0.3108,0.2411,0.448
997,1500,1000,0,0.0004592,0.5933,0.4062
998,1500,1000,0,0.003956,0.577,0.4187
999,1500,1000,0,0.008705,0.7993,0.1923
1000,500,500,1,0.8936,0.0651,0.04108
1001,500,500,1,0.9727,0.012436,0.01487
1002,500,500,1,0.6978,0.11566,0.1864
1003,500,500,1,0.692,0.01517,0.293
1004,500,500,1,0.995,0.001326,0.003485
1005,500,500,1,0.9956,0.00173,0.002426
1006,500,500,1,0.9985,0.0004587,0.001214
1007,500,500,1,0.9907,0.002703,0.00678
1008,500,500,1,0.9805,0.003778,0.01575
1009,500,500,1,0.966,0.00397,0.03035
1010,500,500,1,0.999,0.0002441,0.000823
1011,500,500,1,0.9663,0.00719,0.02661
1012,500,500,1,0.7007,0.07947,0.2197
1013,500,500,1,0.999,0.000392,0.0004547
1014,500,500,1,0.9463,0.007458,0.04602
1015,500,1000,0,0.4182,0.5474,0.0342
1016,500,500,1,0.7266,0.2319,0.04163
1017,500,500,1,0.993,0.000637,0.006226
1018,500,500,1,0.922,0.009384,0.06854
1019,500,500,1,0.999,0.0002017,0.0005345
1020,500,500,1,0.9995,0.0004246,0.0001506
1021,500,500,1,0.9937,0.0005455,0.005756
1022,500,500,1,1.0,5.39e-05,4.333e-05
1023,500,500,1,0.9844,0.00392,0.01167
1024,500,500,1,0.9834,0.004288,0.01222
1025,500,500,1,0.9995,0.0002234,2.72e-05
1026,500,500,1,0.997,0.001292,0.001862
1027,500,1500,0,0.2075,0.04565,0.747
1028,500,500,1,0.9326,0.03204,0.0355
1029,500,500,1,0.998,0.000794,0.0009212
1030,500,500,1,0.986,0.00392,0.010284
1031,500,500,1,0.9976,0.000501,0.002123
1032,500,500,1,0.969,0.013016,0.0177
1033,500,500,1,0.9756,0.003197,0.02138
1034,500,500,1,0.9976,0.0006576,0.001828
1035,500,500,1,0.8613,0.08813,0.05035
1036,500,500,1,0.9478,0.014465,0.0376
1037,500,500,1,0.9966,0.0008273,0.00276
1038,500,1500,0,0.00463,0.32,0.6753
1039,500,500,1,0.987,0.00801,0.00497
1040,500,500,1,0.5435,0.08295,0.3735
1041,500,500,1,0.9644,0.02943,0.006092
1042,500,500,1,0.5273,0.0496,0.423
1043,500,500,1,0.9194,0.07587,0.00455
1044,500,500,1,0.994,0.005688,0.0003328
1045,500,500,1,0.875,0.03305,0.0919
1046,500,500,1,0.98,0.01553,0.00462
1047,500,1000,0,0.223,0.4868,0.2903
1048,500,500,1,0.9966,0.003353,0.00010645
1049,500,500,1,0.9053,0.08496,0.009514
1050,500,500,1,0.701,0.10315,0.1956
1051,500,500,1,0.865,0.117,0.01791
1052,500,500,1,0.9536,0.03522,0.01119
1053,500,500,1,0.9883,0.001875,0.009895
1054,500,500,1,0.955,0.03897,0.005962
1055,500,500,1,0.9937,0.001055,0.005524
1056,500,500,1,0.958,0.0177,0.02412
1057,500,500,1,0.99,0.003899,0.005947
1058,500,500,1,0.979,0.00815,0.01299
1059,500,500,1,0.857,0.0561,0.08685
1060,500,500,1,0.9453,0.04,0.01456
1061,500,1500,0,0.4429,0.04916,0.508
1062,500,1500,0,0.3042,0.2832,0.4126
1063,500,500,1,0.9995,0.000577,0.0001482
1064,500,500,1,0.999,0.0006523,8.51e-05
1065,500,500,1,0.9946,0.002035,0.003298
1066,500,500,1,0.817,0.10815,0.0751
1067,500,500,1,1.0,2.015e-05,1.02e-05
1068,500,500,1,0.866,0.02982,0.10394
1069,500,500,1,0.994,0.004066,0.001619
1070,500,500,1,0.993,0.004612,0.00239
1071,500,500,1,0.998,0.001839,0.000173
1072,500,500,1,0.9834,0.00516,0.01155
1073,500,500,1,0.9937,0.000957,0.00523
1074,500,500,1,0.764,0.0658,0.1702
1075,500,500,1,0.9946,0.003511,0.001678
1076,500,500,1,0.9614,0.01486,0.02347
1077,500,500,1,0.9917,0.001679,0.006504
1078,500,500,1,0.978,0.008675,0.013084
1079,500,500,1,0.9917,0.002924,0.005444
1080,500,500,1,0.989,0.009926,0.001271
1081,500,1500,0,0.0711,0.3706,0.558
1082,500,500,1,0.9927,0.00709,0.0002137
1083,500,500,1,0.9976,0.001647,0.0007734
1084,500,500,1,1.0,6.45e-05,0.0001231
1085,500,500,1,0.9956,0.001795,0.002537
1086,500,500,1,0.997,0.001372,0.001794
1087,500,500,1,0.9995,0.0002332,0.0001628
1088,500,500,1,0.9883,0.003382,0.00811
1089,500,500,1,0.9985,0.001036,0.000588
1090,500,500,1,0.9585,0.01811,0.02362
1091,500,500,1,0.9937,0.006054,0.000323
1092,500,500,1,0.995,0.002861,0.001855
1093,500,500,1,0.9785,0.004128,0.01721
1094,500,500,1,0.996,0.001132,0.002943
1095,500,500,1,0.9995,0.0002211,0.000402
1096,500,1500,0,0.0867,0.1009,0.8125
1097,500,500,1,0.996,0.003786,0.0002592
1098,500,500,1,0.9995,0.0003145,0.00011724
1099,500,500,1,0.9956,0.00201,0.00254
1100,500,500,1,0.995,0.002832,0.002193
1101,500,500,1,0.9214,0.05338,0.02545
1102,500,500,1,1.0,4.685e-05,1.02e-05
1103,500,500,1,0.992,0.001575,0.006054
1104,500,500,1,0.948,0.00824,0.04337
1105,500,500,1,0.993,0.001409,0.005466
1106,500,500,1,0.993,0.004066,0.00279
1107,500,500,1,0.9697,0.02026,0.00988
1108,500,500,1,0.977,0.001539,0.02127
1109,500,500,1,0.987,0.00333,0.00993
1110,500,500,1,0.9814,0.003843,0.01457
1111,500,500,1,0.9224,0.01421,0.0634
1112,500,500,1,0.916,0.01525,0.06854
1113,500,1000,0,0.4373,0.5107,0.0521
1114,500,500,1,0.999,0.0003254,0.000725
1115,500,500,1,0.9585,0.0198,0.02158
1116,500,500,1,0.936,0.011475,0.0527
1117,500,500,1,0.777,0.181,0.04205
1118,500,500,1,0.996,0.001714,0.00195
1119,500,500,1,0.534,0.2732,0.1924
1120,500,500,1,0.9907,0.00796,0.001204
1121,500,500,1,0.9995,9.13e-05,0.000172
1122,500,500,1,0.9995,0.000414,0.0002345
1123,500,500,1,0.864,0.00948,0.1267
1124,500,500,1,0.995,0.001715,0.003254
1125,500,500,1,0.998,0.001371,0.0005426
1126,500,500,1,0.991,0.0009546,0.008026
1127,500,500,1,0.998,0.001474,0.000676
1128,500,500,1,1.0,3.82e-05,4.673e-05
1129,500,500,1,0.964,0.01614,0.01979
1130,500,500,1,0.996,0.001595,0.002146
1131,500,500,1,1.0,1.27e-05,4.58e-05
1132,500,500,1,0.9995,0.0001547,0.0005484
1133,500,500,1,0.9946,0.00518,0.0002294
1134,500,500,1,0.771,0.2091,0.01984
1135,500,500,1,0.967,0.01811,0.015144
1136,500,500,1,0.936,0.05325,0.01063
1137,500,500,1,0.6475,0.11096,0.2417
1138,500,500,1,0.9053,0.02621,0.06836
1139,500,500,1,0.688,0.09937,0.2128
1140,500,500,1,0.509,0.2257,0.2651
1141,500,500,1,0.936,0.01097,0.05292
1142,500,500,1,0.9414,0.00893,0.04965
1143,500,500,1,0.7812,0.1613,0.05728
1144,500,500,1,0.9985,0.000693,0.0005836
1145,500,1000,0,0.3123,0.5664,0.12146
1146,500,500,1,0.9985,0.0014305,0.0002352
1147,500,500,1,0.9775,0.006382,0.01624
1148,500,500,1,0.973,0.01335,0.01346
1149,500,1500,0,0.3271,0.09894,0.5737
1150,500,1500,0,0.3643,0.08673,0.549
1151,500,500,1,0.9863,0.00314,0.01063
1152,500,500,1,0.959,0.01488,0.02602
1153,500,500,1,0.9795,0.012764,0.00759
1154,500,1500,0,0.1909,0.2844,0.5244
1155,500,500,1,0.9043,0.02017,0.0754
1156,500,500,1,0.932,0.03818,0.0297
1157,500,500,1,0.9956,0.002264,0.002323
1158,500,500,1,0.8457,0.10345,0.0511
1159,500,500,1,0.988,0.002562,0.00971
1160,500,500,1,0.948,0.00811,0.0437
1161,500,1000,0,0.447,0.4475,0.10547
1162,500,500,1,0.7437,0.0736,0.1826
1163,500,1000,0,0.3118,0.4548,0.2334
1164,500,1500,0,0.2169,0.0759,0.707
1165,500,500,1,0.9463,0.04404,0.00961
1166,500,500,1,0.658,0.326,0.01584
1167,500,500,1,0.8936,0.0903,0.01631
1168,500,500,1,0.5093,0.452,0.039
1169,500,500,1,0.453,0.409,0.1382
1170,500,500,1,0.7153,0.2399,0.04483
1171,500,500,1,0.9995,7.5e-05,0.0004601
1172,500,500,1,0.998,0.000441,0.001477
1173,500,500,1,0.787,0.03174,0.181
1174,500,500,1,0.659,0.02785,0.313
1175,500,500,1,0.9897,0.002851,0.007275
1176,500,500,1,0.9985,0.0004244,0.0008163
1177,500,500,1,0.4304,0.1556,0.414
1178,500,500,1,0.814,0.12463,0.06116
1179,500,500,1,0.966,0.02142,0.012924
1180,500,500,1,0.9585,0.007652,0.03403
1181,500,1500,0,0.3447,0.1271,0.5283
1182,500,500,1,0.9746,0.01051,0.01467
1183,500,500,1,0.8545,0.0571,0.0884
1184,500,500,1,0.635,0.1826,0.1826
1185,500,500,1,0.9985,0.0007973,0.000525
1186,500,500,1,1.0,0.0001676,1.75e-05
1187,500,500,1,0.954,0.0294,0.01674
1188,500,500,1,0.9873,0.00915,0.003681
1189,500,500,1,0.9595,0.03793,0.002583
1190,500,500,1,0.808,0.0753,0.1165
1191,500,500,1,0.6636,0.0322,0.3042
1192,500,500,1,0.938,0.0568,0.005352
1193,500,500,1,1.0,7.17e-05,5.07e-05
1194,500,500,1,0.9976,0.001914,0.000663
1195,500,500,1,0.9907,0.001211,0.008064
1196,500,500,1,0.8936,0.004074,0.1024
1197,500,500,1,0.9907,0.00475,0.004482
1198,500,500,1,0.6123,0.05685,0.3306
1199,500,500,1,0.9707,0.01021,0.0191
1200,500,500,1,0.9966,0.001712,0.001528
1201,500,500,1,1.0,0.0001021,3.606e-05
1202,500,500,1,0.996,0.003403,0.0003214
1203,500,500,1,0.999,0.00081,0.0003028
1204,500,500,1,0.953,0.04312,0.003994
1205,500,500,1,0.98,0.006,0.01391
1206,500,500,1,0.9995,0.0005307,5.54e-05
1207,500,500,1,0.9956,0.00277,0.001686
1208,500,500,1,0.737,0.0275,0.2358
1209,500,500,1,0.998,0.000855,0.001234
1210,500,500,1,0.9805,0.011604,0.0079
1211,500,500,1,0.9995,0.0001581,0.0001411
1212,500,500,1,0.99,0.005478,0.004105
1213,500,500,1,0.999,0.0004528,0.000508
1214,500,500,1,1.0,9.28e-05,3.72e-05
1215,500,500,1,0.999,0.000775,0.000178
1216,500,500,1,0.995,0.001438,0.003603
1217,500,500,1,1.0,3.135e-05,1.17e-05
1218,500,500,1,0.9688,0.002123,0.02924
1219,500,500,1,0.9995,0.0003974,0.0001341
1220,500,500,1,0.9756,0.001955,0.02257
1221,500,500,1,1.0,2.676e-05,0.0002074
1222,500,500,1,0.9995,0.0002406,0.0001578
1223,500,500,1,0.9116,0.02687,0.06146
1224,500,500,1,0.9976,0.0015,0.000763
1225,500,500,1,0.9985,0.000997,0.00031
1226,500,500,1,0.999,0.0003076,0.0004783
1227,500,500,1,0.997,0.0006742,0.002481
1228,500,500,1,0.9985,0.0007577,0.0006285
1229,500,500,1,0.977,0.01956,0.003593
1230,500,500,1,0.847,0.01859,0.1342
1231,500,500,1,0.995,0.004765,8.64e-05
1232,500,500,1,0.999,0.0004528,0.0007205
1233,500,500,1,0.863,0.0961,0.04095
1234,500,1500,0,0.10675,0.06177,0.8315
1235,500,500,1,0.5845,0.0916,0.324
1236,500,500,1,0.9863,0.003672,0.009865
1237,500,500,1,0.997,0.002531,0.000177
1238,500,500,1,0.984,0.003157,0.01283
1239,500,500,1,0.999,0.0007877,2.104e-05
1240,500,500,1,0.997,0.001689,0.001224
1241,500,500,1,0.994,0.003788,0.00198
1242,500,500,1,1.0,6.63e-05,2.85e-05
1243,500,500,1,1.0,7.457e-05,0.0001521
1244,500,500,1,0.975,0.01282,0.012085
1245,500,500,1,0.973,0.00714,0.01955
1246,500,500,1,0.9907,0.00887,0.0002371
1247,500,500,1,0.996,0.002932,0.000919
1248,500,500,1,0.9995,0.0001851,0.00032
1249,500,500,1,0.991,0.005608,0.003017
1250,500,500,1,1.0,5.865e-05,7.13e-05
1251,500,500,1,1.0,0.0001465,6.604e-05
1252,500,500,1,0.8345,0.01636,0.149
1253,500,500,1,0.959,0.02415,0.01666
1254,500,500,1,0.996,0.00193,0.001853
1255,500,500,1,0.9985,0.0008826,0.0004096
1256,500,500,1,0.9966,0.001359,0.002117
1257,500,500,1,0.945,0.02208,0.0333
1258,500,500,1,0.987,0.005035,0.00814
1259,500,500,1,0.9976,0.002071,0.0003905
1260,500,500,1,0.9756,0.02364,0.00099
1261,500,500,1,0.724,0.0705,0.2054
1262,500,500,1,0.9995,0.0002387,0.0002396
1263,500,500,1,0.9995,0.0002449,5.895e-05
1264,500,500,1,0.999,0.0003204,0.0004728
1265,500,500,1,1.0,5.07e-05,1.335e-05
1266,500,500,1,0.996,0.001976,0.002094
1267,500,500,1,0.981,0.01602,0.003092
1268,500,500,1,0.9688,0.00671,0.02446
1269,500,500,1,0.66,0.2095,0.1306
1270,500,500,1,0.9995,0.0001867,0.0001112
1271,500,500,1,0.9976,0.001417,0.0007873
1272,500,500,1,0.998,0.001518,0.0001916
1273,500,500,1,0.777,0.02316,0.1998
1274,500,500,1,0.9995,0.0004148,0.0002406
1275,500,500,1,0.7095,0.05112,0.2393
1276,500,500,1,0.9985,0.001107,0.0004551
1277,500,500,1,0.973,0.00999,0.01682
1278,500,500,1,0.9966,0.002367,0.001028
1279,500,500,1,0.999,0.000938,0.0002608
1280,500,500,1,0.997,0.002247,0.0006285
1281,500,500,1,1.0,0.0001509,2.53e-05
1282,500,500,1,0.995,0.00255,0.002161
1283,500,500,1,0.999,0.000361,0.0006022
1284,500,500,1,0.999,0.0006475,9.6e-05
1285,500,500,1,0.933,0.02098,0.04605
1286,500,500,1,0.976,0.00515,0.01901
1287,500,500,1,0.9985,0.0005198,0.0007305
1288,500,500,1,0.9546,0.04208,0.003572
1289,500,500,1,0.9995,0.0001439,0.0002472
1290,500,500,1,0.997,0.0008373,0.002281
1291,500,500,1,1.0,4.005e-05,2.754e-05
1292,500,500,1,0.809,0.03516,0.1558
1293,500,500,1,0.9995,0.0002006,7.51e-05
1294,500,500,1,0.997,0.001586,0.001484
1295,500,500,1,0.8345,0.1472,0.01814
1296,500,500,1,0.9985,0.001101,0.0001725
1297,500,500,1,0.9995,0.0003047,0.0002477
1298,500,500,1,0.993,0.003199,0.003717
1299,500,500,1,0.985,0.01343,0.001916
1300,500,500,1,0.9995,0.0001371,0.000297
1301,500,500,1,1.0,6.18e-05,6.47e-05
1302,500,500,1,1.0,0.0001838,3.505e-05
1303,500,500,1,0.9995,0.0003142,0.000255
1304,500,500,1,0.999,0.00102,0.000178
1305,500,500,1,1.0,7.86e-05,1.73e-05
1306,500,500,1,0.981,0.002197,0.01683
1307,500,500,1,0.9824,0.005608,0.01216
1308,500,500,1,1.0,2.59e-05,2.9e-06
1309,500,500,1,0.9995,0.0001506,0.0001091
1310,500,500,1,0.9995,0.0005875,3.49e-05
1311,500,500,1,0.9653,0.002125,0.0326
1312,500,500,1,0.9966,0.001312,0.001928
1313,500,500,1,0.9995,0.0002332,5.203e-05
1314,500,500,1,0.9995,0.0005355,0.0001706
1315,500,500,1,1.0,9.08e-05,4.6e-05
1316,500,500,1,1.0,3.14e-05,1.204e-05
1317,500,500,1,0.9854,0.01067,0.003798
1318,500,500,1,1.0,0.0001651,1.01e-05
1319,500,500,1,0.985,0.007034,0.008316
1320,500,500,1,0.9956,0.004074,9.644e-05
1321,500,500,1,0.9995,9.85e-05,0.0002337
1322,500,500,1,0.9976,0.001446,0.000861
1323,500,500,1,0.9995,0.0003386,0.0001191
1324,500,500,1,0.9756,0.01234,0.01221
1325,500,500,1,0.997,0.001456,0.001419
1326,500,500,1,0.9995,0.0005946,1.484e-05
1327,500,500,1,0.998,0.0004587,0.001271
1328,500,500,1,0.995,0.004578,0.0002844
1329,500,500,1,1.0,8.446e-05,9.95e-06
1330,500,500,1,1.0,9.1e-05,5.5e-06
1331,500,500,1,0.9995,0.000283,5.287e-05
1332,500,500,1,0.9844,0.003374,0.01232
1333,500,500,1,0.474,0.451,0.07495
1334,500,500,1,0.998,0.001189,0.0007877
1335,500,500,1,0.9995,0.0002165,0.000115
1336,500,500,1,0.98,0.00557,0.01452
1337,500,500,1,0.9995,0.000395,0.0003273
1338,500,500,1,0.9956,0.003126,0.001229
1339,500,500,1,0.947,0.04855,0.00486
1340,500,500,1,0.9976,0.002121,0.0001316
1341,500,500,1,0.9883,0.01041,0.00141
1342,500,500,1,0.8623,0.10205,0.03546
1343,500,500,1,0.9946,0.004723,0.000749
1344,500,500,1,0.942,0.03656,0.0217
1345,500,500,1,0.9453,0.02217,0.03244
1346,500,500,1,0.98,0.01765,0.002611
1347,500,500,1,0.9907,0.00507,0.004097
1348,500,500,1,0.813,0.177,0.01003
1349,500,1500,0,0.0997,0.3965,0.504
1350,500,500,1,0.8315,0.12476,0.04367
1351,500,500,1,0.9644,0.0332,0.002594
1352,500,500,1,0.994,0.00483,0.001189
1353,500,500,1,0.5146,0.0977,0.3877
1354,500,500,1,0.818,0.1119,0.0704
1355,500,1000,0,0.02028,0.964,0.01572
1356,500,500,1,0.61,0.07306,0.317
1357,500,500,1,0.8193,0.1339,0.04663
1358,500,500,1,0.934,0.03568,0.03018
1359,500,1500,0,0.002592,0.0993,0.898
1360,500,500,1,0.8335,0.0849,0.0818
1361,500,500,1,0.7715,0.1732,0.05502
1362,500,1000,0,0.05664,0.5312,0.4119
1363,500,1500,0,0.329,0.3206,0.3503
1364,500,1500,0,0.04367,0.367,0.5894
1365,500,500,1,0.9697,0.005722,0.02435
1366,500,500,1,0.7407,0.2361,0.02315
1367,500,500,1,0.606,0.05035,0.3438
1368,500,500,1,0.4426,0.1538,0.4036
1369,500,500,1,0.992,0.00498,0.00286
1370,500,1500,0,0.11816,0.07764,0.804
1371,500,1000,0,0.1753,0.736,0.0889
1372,500,1000,0,0.02892,0.6074,0.3638
1373,500,1500,0,0.05762,0.1305,0.812
1374,500,1000,0,0.046,0.66,0.2937
1375,500,500,1,0.9517,0.0407,0.007484
1376,500,500,1,0.4673,0.41,0.1229
1377,500,1000,0,0.332,0.4604,0.2075
1378,500,1000,0,0.0274,0.517,0.4556
1379,500,1500,0,0.01715,0.2808,0.702
1380,500,500,1,0.5386,0.3962,0.06537
1381,500,500,1,0.665,0.299,0.0358
1382,500,500,1,0.655,0.1978,0.1476
1383,500,1000,0,0.3513,0.5024,0.146
1384,500,500,1,0.957,0.03754,0.005276
1385,500,500,1,0.5864,0.2322,0.1815
1386,500,1000,0,0.2744,0.4355,0.29
1387,500,500,1,0.635,0.3127,0.05237
1388,500,500,1,0.955,0.03784,0.00732
1389,500,1000,0,0.2922,0.4612,0.2466
1390,500,1000,0,0.0387,0.9185,0.0428
1391,500,500,1,0.7686,0.1329,0.09875
1392,500,1000,0,0.3938,0.5767,0.02957
1393,500,500,1,0.9224,0.0397,0.03772
1394,500,1000,0,0.1384,0.8257,0.03564
1395,500,500,1,0.6523,0.2832,0.0645
1396,500,500,1,0.8716,0.0654,0.06305
1397,500,1500,0,0.2737,0.343,0.3833
1398,500,1000,0,0.1788,0.484,0.3372
1399,500,500,1,0.9697,0.01709,0.01325
1400,500,500,1,0.833,0.1361,0.03085
1401,500,500,1,0.4565,0.1852,0.3582
1402,500,500,1,0.862,0.1334,0.004585
1403,500,500,1,0.944,0.05423,0.001921
1404,500,500,1,0.832,0.0452,0.12286
1405,500,500,1,0.734,0.1678,0.0982
1406,500,500,1,0.996,0.002243,0.001629
1407,500,500,1,0.9995,0.0002396,0.0003612
1408,500,500,1,0.9985,0.0002778,0.00139
1409,500,500,1,0.997,0.0003703,0.00255
1410,500,500,1,0.99,0.005642,0.003937
1411,500,500,1,0.996,0.003408,0.0006013
1412,500,500,1,0.9883,0.006634,0.00487
1413,500,500,1,0.933,0.02388,0.04318
1414,500,500,1,0.99,0.00728,0.00237
1415,500,500,1,0.9995,0.0001746,0.000346
1416,500,500,1,0.9995,0.0001602,0.000278
1417,500,500,1,0.999,0.0006213,0.0004754
1418,500,500,1,0.9976,0.0007353,0.001569
1419,500,500,1,0.991,0.005905,0.003004
1420,500,500,1,0.9824,0.00967,0.007965
1421,500,500,1,0.998,0.000231,0.001526
1422,500,500,1,0.9976,0.0008297,0.001799
1423,500,500,1,1.0,0.0001085,7.5e-05
1424,500,500,1,0.9995,9.78e-05,0.0002301
1425,500,500,1,0.9976,0.0002128,0.002146
1426,500,500,1,0.9995,0.0003655,0.0001017
1427,500,1500,0,0.417,0.02739,0.5557
1428,500,500,1,0.983,0.01476,0.002403
1429,500,500,1,0.9307,0.01336,0.0558
1430,500,500,1,0.9995,9.15e-05,0.0002351
1431,500,500,1,0.999,0.000607,0.000431
1432,500,500,1,0.991,0.002298,0.006664
1433,500,500,1,0.9985,0.00059,0.001098
1434,500,500,1,1.0,0.0001651,8.1e-06
1435,500,500,1,0.9985,0.000579,0.000909
1436,500,500,1,0.769,0.00668,0.2242
1437,500,500,1,0.9956,0.000523,0.004036
1438,500,500,1,0.994,0.001744,0.00397
1439,500,500,1,0.998,0.0009155,0.0008144
1440,500,500,1,0.9985,0.0007343,0.0009284
1441,500,500,1,0.972,0.0145,0.01313
1442,500,500,1,0.602,0.0416,0.3562
1443,500,500,1,0.9966,0.002668,0.0009375
1444,500,500,1,0.9917,0.0009255,0.007507
1445,500,500,1,0.6807,0.2708,0.04883
1446,500,500,1,0.9966,0.002602,0.00062
1447,500,500,1,0.692,0.07623,0.232
1448,500,500,1,0.9517,0.0463,0.002026
1449,500,500,1,0.8774,0.03207,0.0903
1450,500,500,1,0.999,0.0004303,0.0004098
1451,500,500,1,0.9995,3.66e-05,0.0002148
1452,500,500,1,0.994,0.000998,0.004623
1453,500,500,1,0.9995,0.000226,0.000315
1454,500,500,1,0.9844,0.00989,0.005554
1455,500,500,1,0.9565,0.006126,0.0374
1456,500,500,1,0.8936,0.02196,0.0846
1457,500,500,1,0.9595,0.003315,0.03702
1458,500,500,1,0.907,0.0693,0.02359
1459,500,500,1,0.995,0.003479,0.001191
1460,500,500,1,1.0,6.45e-05,1.967e-05
1461,500,500,1,0.994,0.00496,0.0008683
1462,500,500,1,0.906,0.0474,0.047
1463,500,500,1,0.9844,0.014206,0.001355
1464,500,500,1,0.9688,0.01158,0.01962
1465,500,500,1,0.9673,0.00299,0.02957
1466,500,500,1,0.992,0.004307,0.003428
1467,500,500,1,0.998,0.001126,0.0007606
1468,500,500,1,0.938,0.00809,0.05392
1469,500,500,1,1.0,9.39e-05,6.694e-05
1470,500,500,1,1.0,3.684e-05,2.02e-05
1471,500,500,1,0.998,0.001153,0.000933
1472,500,500,1,0.99,0.001483,0.0082
1473,500,500,1,0.9995,0.0001508,0.0003583
1474,500,500,1,0.726,0.06042,0.2133
1475,500,500,1,0.9985,0.0002389,0.001278
1476,500,500,1,1.0,0.0001352,0.0001005
1477,500,500,1,0.999,0.000615,0.0001478
1478,500,500,1,0.9995,8.55e-05,0.0002123
1479,500,500,1,0.9985,0.0009036,0.0005126
1480,500,500,1,0.9985,0.000787,0.000578
1481,500,500,1,0.9995,0.0002623,5.65e-05
1482,500,500,1,1.0,0.0001369,7.45e-06
1483,500,500,1,0.9985,0.0008454,0.000518
1484,500,500,1,0.999,0.0002381,0.0008693
1485,500,500,1,0.998,0.001031,0.001038
1486,500,500,1,0.9995,0.0002439,4.685e-05
1487,500,500,1,0.5723,0.1142,0.3135
1488,500,500,1,1.0,9.3e-05,2.37e-05
1489,500,500,1,0.9976,0.002157,0.000175
1490,500,500,1,0.9595,0.02408,0.01663
1491,500,500,1,0.8623,0.03336,0.1043
1492,500,500,1,0.989,0.007042,0.004368
1493,500,500,1,0.999,0.001039,6.73e-05
1494,500,500,1,0.9995,0.0001143,0.0001827
1495,500,500,1,0.9985,0.0007052,0.0006113
1496,500,500,1,0.9995,0.0001097,0.000521
1497,500,500,1,0.909,0.04037,0.0507
1498,500,500,1,0.976,0.004654,0.01921
1499,500,500,1,0.984,0.01408,0.002022
